tileName,tileIndexX,tileIndexY,tileType,tileSize,tileScaleFactor,tileLayer,textureId,textureRectLeft,textureRectTop,textureRectWidth,textureRectHeight
"Tile(0, 0)",0,0,0,16,4,0,graphics/editor/FireTileSet.png,192,192,16,16
"Tile(0, 1)",0,1,0,16,4,0,graphics/editor/FireTileSet.png,192,208,16,16
"Tile(0, 2)",0,2,0,16,4,0,graphics/editor/FireTileSet.png,192,224,16,16
"Tile(0, 3)",0,3,0,16,4,0,graphics/editor/FireTileSet.png,192,240,16,16
"Tile(0, 4)",0,4,0,16,4,0,graphics/editor/FireTileSet.png,192,256,16,16
"Tile(0, 5)",0,5,0,16,4,0,graphics/editor/FireTileSet.png,192,192,16,16
"Tile(0, 6)",0,6,0,16,4,0,graphics/editor/FireTileSet.png,192,208,16,16
"Tile(0, 7)",0,7,0,16,4,0,graphics/editor/FireTileSet.png,192,224,16,16
"Tile(0, 8)",0,8,0,16,4,0,graphics/editor/FireTileSet.png,192,240,16,16
"Tile(0, 9)",0,9,0,16,4,0,graphics/editor/FireTileSet.png,192,256,16,16
"Tile(0, 10)",0,10,0,16,4,0,graphics/editor/FireTileSet.png,192,192,16,16
"Tile(0, 11)",0,11,0,16,4,0,graphics/editor/FireTileSet.png,192,208,16,16
"Tile(0, 12)",0,12,0,16,4,0,graphics/editor/FireTileSet.png,192,224,16,16
"Tile(0, 13)",0,13,0,16,4,0,graphics/editor/FireTileSet.png,192,240,16,16
"Tile(0, 14)",0,14,0,16,4,0,graphics/editor/FireTileSet.png,192,256,16,16
"Tile(0, 15)",0,15,0,16,4,0,graphics/editor/FireTileSet.png,192,192,16,16
"Tile(0, 16)",0,16,0,16,4,0,graphics/editor/FireTileSet.png,192,208,16,16
"Tile(0, 17)",0,17,0,16,4,0,graphics/editor/FireTileSet.png,192,224,16,16
"Tile(0, 18)",0,18,0,16,4,0,graphics/editor/FireTileSet.png,192,240,16,16
"Tile(0, 19)",0,19,0,16,4,0,graphics/editor/FireTileSet.png,192,256,16,16
"Tile(0, 20)",0,20,0,16,4,0,graphics/editor/FireTileSet.png,192,192,16,16
"Tile(0, 21)",0,21,0,16,4,0,graphics/editor/FireTileSet.png,192,208,16,16
"Tile(0, 22)",0,22,0,16,4,0,graphics/editor/FireTileSet.png,192,224,16,16
"Tile(0, 23)",0,23,0,16,4,0,graphics/editor/FireTileSet.png,192,240,16,16
"Tile(0, 24)",0,24,0,16,4,0,graphics/editor/FireTileSet.png,192,256,16,16
"Tile(0, 25)",0,25,0,16,4,0,graphics/editor/FireTileSet.png,192,192,16,16
"Tile(0, 26)",0,26,0,16,4,0,graphics/editor/FireTileSet.png,192,208,16,16
"Tile(0, 27)",0,27,0,16,4,0,graphics/editor/FireTileSet.png,192,224,16,16
"Tile(0, 28)",0,28,0,16,4,0,graphics/editor/FireTileSet.png,192,240,16,16
"Tile(0, 29)",0,29,0,16,4,0,graphics/editor/FireTileSet.png,192,256,16,16
"Tile(0, 30)",0,30,0,16,4,0,graphics/editor/FireTileSet.png,192,192,16,16
"Tile(0, 31)",0,31,0,16,4,0,graphics/editor/FireTileSet.png,192,208,16,16
"Tile(1, 0)",1,0,0,16,4,0,graphics/editor/FireTileSet.png,208,192,16,16
"Tile(1, 1)",1,1,0,16,4,0,graphics/editor/FireTileSet.png,208,208,16,16
"Tile(1, 2)",1,2,0,16,4,0,graphics/editor/FireTileSet.png,208,224,16,16
"Tile(1, 3)",1,3,0,16,4,0,graphics/editor/FireTileSet.png,208,240,16,16
"Tile(1, 4)",1,4,0,16,4,0,graphics/editor/FireTileSet.png,208,256,16,16
"Tile(1, 5)",1,5,0,16,4,0,graphics/editor/FireTileSet.png,208,192,16,16
"Tile(1, 6)",1,6,0,16,4,0,graphics/editor/FireTileSet.png,208,208,16,16
"Tile(1, 7)",1,7,0,16,4,0,graphics/editor/FireTileSet.png,208,224,16,16
"Tile(1, 8)",1,8,0,16,4,0,graphics/editor/FireTileSet.png,208,240,16,16
"Tile(1, 9)",1,9,0,16,4,0,graphics/editor/FireTileSet.png,208,256,16,16
"Tile(1, 10)",1,10,0,16,4,0,graphics/editor/FireTileSet.png,208,192,16,16
"Tile(1, 11)",1,11,0,16,4,0,graphics/editor/FireTileSet.png,208,208,16,16
"Tile(1, 12)",1,12,0,16,4,0,graphics/editor/FireTileSet.png,208,224,16,16
"Tile(1, 13)",1,13,0,16,4,0,graphics/editor/FireTileSet.png,208,240,16,16
"Tile(1, 14)",1,14,0,16,4,0,graphics/editor/FireTileSet.png,208,256,16,16
"Tile(1, 15)",1,15,0,16,4,0,graphics/editor/FireTileSet.png,208,192,16,16
"Tile(1, 16)",1,16,0,16,4,0,graphics/editor/FireTileSet.png,208,208,16,16
"Tile(1, 17)",1,17,0,16,4,0,graphics/editor/FireTileSet.png,208,224,16,16
"Tile(1, 18)",1,18,0,16,4,0,graphics/editor/FireTileSet.png,208,240,16,16
"Tile(1, 19)",1,19,0,16,4,0,graphics/editor/FireTileSet.png,208,256,16,16
"Tile(1, 20)",1,20,0,16,4,0,graphics/editor/FireTileSet.png,208,192,16,16
"Tile(1, 21)",1,21,0,16,4,0,graphics/editor/FireTileSet.png,208,208,16,16
"Tile(1, 22)",1,22,0,16,4,0,graphics/editor/FireTileSet.png,208,224,16,16
"Tile(1, 23)",1,23,0,16,4,0,graphics/editor/FireTileSet.png,208,240,16,16
"Tile(1, 24)",1,24,0,16,4,0,graphics/editor/FireTileSet.png,208,256,16,16
"Tile(1, 25)",1,25,0,16,4,0,graphics/editor/FireTileSet.png,208,192,16,16
"Tile(1, 26)",1,26,0,16,4,0,graphics/editor/FireTileSet.png,208,208,16,16
"Tile(1, 27)",1,27,0,16,4,0,graphics/editor/FireTileSet.png,208,224,16,16
"Tile(1, 28)",1,28,0,16,4,0,graphics/editor/FireTileSet.png,208,240,16,16
"Tile(1, 29)",1,29,0,16,4,0,graphics/editor/FireTileSet.png,208,256,16,16
"Tile(1, 30)",1,30,0,16,4,0,graphics/editor/FireTileSet.png,208,192,16,16
"Tile(1, 31)",1,31,0,16,4,0,graphics/editor/FireTileSet.png,208,208,16,16
"Tile(2, 0)",2,0,0,16,4,0,graphics/editor/FireTileSet.png,224,192,16,16
"Tile(2, 1)",2,1,0,16,4,0,graphics/editor/FireTileSet.png,224,208,16,16
"Tile(2, 2)",2,2,0,16,4,0,graphics/editor/FireTileSet.png,224,224,16,16
"Tile(2, 3)",2,3,0,16,4,0,graphics/editor/FireTileSet.png,224,240,16,16
"Tile(2, 4)",2,4,0,16,4,0,graphics/editor/FireTileSet.png,224,256,16,16
"Tile(2, 5)",2,5,0,16,4,0,graphics/editor/FireTileSet.png,224,192,16,16
"Tile(2, 6)",2,6,0,16,4,0,graphics/editor/FireTileSet.png,224,208,16,16
"Tile(2, 7)",2,7,0,16,4,0,graphics/editor/FireTileSet.png,224,224,16,16
"Tile(2, 8)",2,8,0,16,4,0,graphics/editor/FireTileSet.png,224,240,16,16
"Tile(2, 9)",2,9,0,16,4,0,graphics/editor/FireTileSet.png,224,256,16,16
"Tile(2, 10)",2,10,0,16,4,0,graphics/editor/FireTileSet.png,224,192,16,16
"Tile(2, 11)",2,11,0,16,4,0,graphics/editor/FireTileSet.png,224,208,16,16
"Tile(2, 12)",2,12,0,16,4,0,graphics/editor/FireTileSet.png,224,224,16,16
"Tile(2, 13)",2,13,0,16,4,0,graphics/editor/FireTileSet.png,224,240,16,16
"Tile(2, 14)",2,14,0,16,4,0,graphics/editor/FireTileSet.png,224,256,16,16
"Tile(2, 15)",2,15,0,16,4,0,graphics/editor/FireTileSet.png,224,192,16,16
"Tile(2, 16)",2,16,0,16,4,0,graphics/editor/FireTileSet.png,224,208,16,16
"Tile(2, 17)",2,17,0,16,4,0,graphics/editor/FireTileSet.png,224,224,16,16
"Tile(2, 18)",2,18,0,16,4,0,graphics/editor/FireTileSet.png,224,240,16,16
"Tile(2, 19)",2,19,0,16,4,0,graphics/editor/FireTileSet.png,224,256,16,16
"Tile(2, 20)",2,20,0,16,4,0,graphics/editor/FireTileSet.png,224,192,16,16
"Tile(2, 21)",2,21,0,16,4,0,graphics/editor/FireTileSet.png,224,208,16,16
"Tile(2, 22)",2,22,0,16,4,0,graphics/editor/FireTileSet.png,224,224,16,16
"Tile(2, 23)",2,23,0,16,4,0,graphics/editor/FireTileSet.png,224,240,16,16
"Tile(2, 24)",2,24,0,16,4,0,graphics/editor/FireTileSet.png,224,256,16,16
"Tile(2, 25)",2,25,0,16,4,0,graphics/editor/FireTileSet.png,224,192,16,16
"Tile(2, 26)",2,26,0,16,4,0,graphics/editor/FireTileSet.png,224,208,16,16
"Tile(2, 27)",2,27,0,16,4,0,graphics/editor/FireTileSet.png,224,224,16,16
"Tile(2, 28)",2,28,0,16,4,0,graphics/editor/FireTileSet.png,224,240,16,16
"Tile(2, 29)",2,29,0,16,4,0,graphics/editor/FireTileSet.png,224,256,16,16
"Tile(2, 30)",2,30,0,16,4,0,graphics/editor/FireTileSet.png,224,192,16,16
"Tile(2, 31)",2,31,0,16,4,0,graphics/editor/FireTileSet.png,224,208,16,16
"Tile(3, 0)",3,0,0,16,4,0,graphics/editor/FireTileSet.png,240,192,16,16
"Tile(3, 1)",3,1,0,16,4,0,graphics/editor/FireTileSet.png,240,208,16,16
"Tile(3, 2)",3,2,0,16,4,0,graphics/editor/FireTileSet.png,240,224,16,16
"Tile(3, 3)",3,3,0,16,4,0,graphics/editor/FireTileSet.png,240,240,16,16
"Tile(3, 4)",3,4,0,16,4,0,graphics/editor/FireTileSet.png,240,256,16,16
"Tile(3, 5)",3,5,0,16,4,0,graphics/editor/FireTileSet.png,240,192,16,16
"Tile(3, 6)",3,6,0,16,4,0,graphics/editor/FireTileSet.png,240,208,16,16
"Tile(3, 7)",3,7,0,16,4,0,graphics/editor/FireTileSet.png,240,224,16,16
"Tile(3, 8)",3,8,0,16,4,0,graphics/editor/FireTileSet.png,240,240,16,16
"Tile(3, 9)",3,9,0,16,4,0,graphics/editor/FireTileSet.png,240,256,16,16
"Tile(3, 10)",3,10,0,16,4,0,graphics/editor/FireTileSet.png,240,192,16,16
"Tile(3, 11)",3,11,0,16,4,0,graphics/editor/FireTileSet.png,240,208,16,16
"Tile(3, 12)",3,12,0,16,4,0,graphics/editor/FireTileSet.png,240,224,16,16
"Tile(3, 13)",3,13,0,16,4,0,graphics/editor/FireTileSet.png,240,240,16,16
"Tile(3, 14)",3,14,0,16,4,0,graphics/editor/FireTileSet.png,240,256,16,16
"Tile(3, 15)",3,15,0,16,4,0,graphics/editor/FireTileSet.png,240,192,16,16
"Tile(3, 16)",3,16,0,16,4,0,graphics/editor/FireTileSet.png,240,208,16,16
"Tile(3, 17)",3,17,0,16,4,0,graphics/editor/FireTileSet.png,240,224,16,16
"Tile(3, 18)",3,18,0,16,4,0,graphics/editor/FireTileSet.png,240,240,16,16
"Tile(3, 19)",3,19,0,16,4,0,graphics/editor/FireTileSet.png,240,256,16,16
"Tile(3, 20)",3,20,0,16,4,0,graphics/editor/FireTileSet.png,240,192,16,16
"Tile(3, 21)",3,21,0,16,4,0,graphics/editor/FireTileSet.png,240,208,16,16
"Tile(3, 22)",3,22,0,16,4,0,graphics/editor/FireTileSet.png,240,224,16,16
"Tile(3, 23)",3,23,0,16,4,0,graphics/editor/FireTileSet.png,240,240,16,16
"Tile(3, 24)",3,24,0,16,4,0,graphics/editor/FireTileSet.png,240,256,16,16
"Tile(3, 25)",3,25,0,16,4,0,graphics/editor/FireTileSet.png,240,192,16,16
"Tile(3, 26)",3,26,0,16,4,0,graphics/editor/FireTileSet.png,240,208,16,16
"Tile(3, 27)",3,27,0,16,4,0,graphics/editor/FireTileSet.png,240,224,16,16
"Tile(3, 28)",3,28,0,16,4,0,graphics/editor/FireTileSet.png,240,240,16,16
"Tile(3, 29)",3,29,0,16,4,0,graphics/editor/FireTileSet.png,240,256,16,16
"Tile(3, 30)",3,30,0,16,4,0,graphics/editor/FireTileSet.png,240,192,16,16
"Tile(3, 31)",3,31,0,16,4,0,graphics/editor/FireTileSet.png,240,208,16,16
"Tile(4, 0)",4,0,0,16,4,0,graphics/editor/FireTileSet.png,256,192,16,16
"Tile(4, 1)",4,1,0,16,4,0,graphics/editor/FireTileSet.png,256,208,16,16
"Tile(4, 2)",4,2,0,16,4,0,graphics/editor/FireTileSet.png,256,224,16,16
"Tile(4, 3)",4,3,0,16,4,0,graphics/editor/FireTileSet.png,256,240,16,16
"Tile(4, 4)",4,4,0,16,4,0,graphics/editor/FireTileSet.png,256,256,16,16
"Tile(4, 5)",4,5,0,16,4,0,graphics/editor/FireTileSet.png,256,192,16,16
"Tile(4, 6)",4,6,0,16,4,0,graphics/editor/FireTileSet.png,256,208,16,16
"Tile(4, 7)",4,7,0,16,4,0,graphics/editor/FireTileSet.png,256,224,16,16
"Tile(4, 8)",4,8,0,16,4,0,graphics/editor/FireTileSet.png,256,240,16,16
"Tile(4, 9)",4,9,0,16,4,0,graphics/editor/FireTileSet.png,256,256,16,16
"Tile(4, 10)",4,10,0,16,4,0,graphics/editor/FireTileSet.png,256,192,16,16
"Tile(4, 11)",4,11,0,16,4,0,graphics/editor/FireTileSet.png,256,208,16,16
"Tile(4, 12)",4,12,0,16,4,0,graphics/editor/FireTileSet.png,256,224,16,16
"Tile(4, 13)",4,13,0,16,4,0,graphics/editor/FireTileSet.png,256,240,16,16
"Tile(4, 14)",4,14,0,16,4,0,graphics/editor/FireTileSet.png,256,256,16,16
"Tile(4, 15)",4,15,0,16,4,0,graphics/editor/FireTileSet.png,256,192,16,16
"Tile(4, 16)",4,16,0,16,4,0,graphics/editor/FireTileSet.png,256,208,16,16
"Tile(4, 17)",4,17,0,16,4,0,graphics/editor/FireTileSet.png,256,224,16,16
"Tile(4, 18)",4,18,0,16,4,0,graphics/editor/FireTileSet.png,256,240,16,16
"Tile(4, 19)",4,19,0,16,4,0,graphics/editor/FireTileSet.png,256,256,16,16
"Tile(4, 20)",4,20,0,16,4,0,graphics/editor/FireTileSet.png,256,192,16,16
"Tile(4, 21)",4,21,0,16,4,0,graphics/editor/FireTileSet.png,256,208,16,16
"Tile(4, 22)",4,22,0,16,4,0,graphics/editor/FireTileSet.png,256,224,16,16
"Tile(4, 23)",4,23,0,16,4,0,graphics/editor/FireTileSet.png,256,240,16,16
"Tile(4, 24)",4,24,0,16,4,0,graphics/editor/FireTileSet.png,256,256,16,16
"Tile(4, 25)",4,25,0,16,4,0,graphics/editor/FireTileSet.png,256,192,16,16
"Tile(4, 26)",4,26,0,16,4,0,graphics/editor/FireTileSet.png,256,208,16,16
"Tile(4, 27)",4,27,0,16,4,0,graphics/editor/FireTileSet.png,256,224,16,16
"Tile(4, 28)",4,28,0,16,4,0,graphics/editor/FireTileSet.png,256,240,16,16
"Tile(4, 29)",4,29,0,16,4,0,graphics/editor/FireTileSet.png,256,256,16,16
"Tile(4, 30)",4,30,0,16,4,0,graphics/editor/FireTileSet.png,256,192,16,16
"Tile(4, 31)",4,31,0,16,4,0,graphics/editor/FireTileSet.png,256,208,16,16
"Tile(5, 0)",5,0,0,16,4,0,graphics/editor/FireTileSet.png,192,192,16,16
"Tile(5, 1)",5,1,0,16,4,0,graphics/editor/FireTileSet.png,192,208,16,16
"Tile(5, 2)",5,2,0,16,4,0,graphics/editor/FireTileSet.png,192,224,16,16
"Tile(5, 3)",5,3,0,16,4,0,graphics/editor/FireTileSet.png,192,240,16,16
"Tile(5, 4)",5,4,0,16,4,0,graphics/editor/FireTileSet.png,192,256,16,16
"Tile(5, 5)",5,5,0,16,4,0,graphics/editor/FireTileSet.png,192,192,16,16
"Tile(5, 6)",5,6,0,16,4,0,graphics/editor/FireTileSet.png,192,208,16,16
"Tile(5, 7)",5,7,0,16,4,0,graphics/editor/FireTileSet.png,192,224,16,16
"Tile(5, 8)",5,8,0,16,4,0,graphics/editor/FireTileSet.png,192,240,16,16
"Tile(5, 9)",5,9,0,16,4,0,graphics/editor/FireTileSet.png,192,256,16,16
"Tile(5, 10)",5,10,0,16,4,0,graphics/editor/FireTileSet.png,192,192,16,16
"Tile(5, 11)",5,11,0,16,4,0,graphics/editor/FireTileSet.png,192,208,16,16
"Tile(5, 12)",5,12,0,16,4,0,graphics/editor/FireTileSet.png,192,224,16,16
"Tile(5, 13)",5,13,0,16,4,0,graphics/editor/FireTileSet.png,192,240,16,16
"Tile(5, 14)",5,14,0,16,4,0,graphics/editor/FireTileSet.png,192,256,16,16
"Tile(5, 15)",5,15,0,16,4,0,graphics/editor/FireTileSet.png,192,192,16,16
"Tile(5, 16)",5,16,0,16,4,0,graphics/editor/FireTileSet.png,192,208,16,16
"Tile(5, 17)",5,17,0,16,4,0,graphics/editor/FireTileSet.png,192,224,16,16
"Tile(5, 18)",5,18,0,16,4,0,graphics/editor/FireTileSet.png,192,240,16,16
"Tile(5, 19)",5,19,0,16,4,0,graphics/editor/FireTileSet.png,192,256,16,16
"Tile(5, 20)",5,20,0,16,4,0,graphics/editor/FireTileSet.png,192,192,16,16
"Tile(5, 21)",5,21,0,16,4,0,graphics/editor/FireTileSet.png,192,208,16,16
"Tile(5, 22)",5,22,0,16,4,0,graphics/editor/FireTileSet.png,192,224,16,16
"Tile(5, 23)",5,23,0,16,4,0,graphics/editor/FireTileSet.png,192,240,16,16
"Tile(5, 24)",5,24,0,16,4,0,graphics/editor/FireTileSet.png,192,256,16,16
"Tile(5, 25)",5,25,0,16,4,0,graphics/editor/FireTileSet.png,192,192,16,16
"Tile(5, 26)",5,26,0,16,4,0,graphics/editor/FireTileSet.png,192,208,16,16
"Tile(5, 27)",5,27,0,16,4,0,graphics/editor/FireTileSet.png,192,224,16,16
"Tile(5, 28)",5,28,0,16,4,0,graphics/editor/FireTileSet.png,192,240,16,16
"Tile(5, 29)",5,29,0,16,4,0,graphics/editor/FireTileSet.png,192,256,16,16
"Tile(5, 30)",5,30,0,16,4,0,graphics/editor/FireTileSet.png,192,192,16,16
"Tile(5, 31)",5,31,0,16,4,0,graphics/editor/FireTileSet.png,192,208,16,16
"Tile(6, 0)",6,0,0,16,4,0,graphics/editor/FireTileSet.png,208,192,16,16
"Tile(6, 1)",6,1,0,16,4,0,graphics/editor/FireTileSet.png,208,208,16,16
"Tile(6, 2)",6,2,0,16,4,0,graphics/editor/FireTileSet.png,208,224,16,16
"Tile(6, 3)",6,3,0,16,4,0,graphics/editor/FireTileSet.png,208,240,16,16
"Tile(6, 4)",6,4,0,16,4,0,graphics/editor/FireTileSet.png,208,256,16,16
"Tile(6, 5)",6,5,0,16,4,0,graphics/editor/FireTileSet.png,208,192,16,16
"Tile(6, 6)",6,6,0,16,4,0,graphics/editor/FireTileSet.png,208,208,16,16
"Tile(6, 7)",6,7,0,16,4,0,graphics/editor/FireTileSet.png,208,224,16,16
"Tile(6, 8)",6,8,0,16,4,0,graphics/editor/FireTileSet.png,208,240,16,16
"Tile(6, 9)",6,9,0,16,4,0,graphics/editor/FireTileSet.png,208,256,16,16
"Tile(6, 10)",6,10,0,16,4,0,graphics/editor/FireTileSet.png,208,192,16,16
"Tile(6, 11)",6,11,0,16,4,0,graphics/editor/FireTileSet.png,208,208,16,16
"Tile(6, 12)",6,12,0,16,4,0,graphics/editor/FireTileSet.png,208,224,16,16
"Tile(6, 13)",6,13,0,16,4,0,graphics/editor/FireTileSet.png,208,240,16,16
"Tile(6, 14)",6,14,0,16,4,0,graphics/editor/FireTileSet.png,208,256,16,16
"Tile(6, 15)",6,15,0,16,4,0,graphics/editor/FireTileSet.png,208,192,16,16
"Tile(6, 16)",6,16,0,16,4,0,graphics/editor/FireTileSet.png,208,208,16,16
"Tile(6, 17)",6,17,0,16,4,0,graphics/editor/FireTileSet.png,208,224,16,16
"Tile(6, 18)",6,18,0,16,4,0,graphics/editor/FireTileSet.png,208,240,16,16
"Tile(6, 19)",6,19,0,16,4,0,graphics/editor/FireTileSet.png,208,256,16,16
"Tile(6, 20)",6,20,0,16,4,0,graphics/editor/FireTileSet.png,208,192,16,16
"Tile(6, 21)",6,21,0,16,4,0,graphics/editor/FireTileSet.png,208,208,16,16
"Tile(6, 22)",6,22,0,16,4,0,graphics/editor/FireTileSet.png,208,224,16,16
"Tile(6, 23)",6,23,0,16,4,0,graphics/editor/FireTileSet.png,208,240,16,16
"Tile(6, 24)",6,24,0,16,4,0,graphics/editor/FireTileSet.png,208,256,16,16
"Tile(6, 25)",6,25,0,16,4,0,graphics/editor/FireTileSet.png,208,192,16,16
"Tile(6, 26)",6,26,0,16,4,0,graphics/editor/FireTileSet.png,208,208,16,16
"Tile(6, 27)",6,27,0,16,4,0,graphics/editor/FireTileSet.png,208,224,16,16
"Tile(6, 28)",6,28,0,16,4,0,graphics/editor/FireTileSet.png,208,240,16,16
"Tile(6, 29)",6,29,0,16,4,0,graphics/editor/FireTileSet.png,208,256,16,16
"Tile(6, 30)",6,30,0,16,4,0,graphics/editor/FireTileSet.png,208,192,16,16
"Tile(6, 31)",6,31,0,16,4,0,graphics/editor/FireTileSet.png,208,208,16,16
"Tile(7, 0)",7,0,0,16,4,0,graphics/editor/FireTileSet.png,224,192,16,16
"Tile(7, 1)",7,1,0,16,4,0,graphics/editor/FireTileSet.png,224,208,16,16
"Tile(7, 2)",7,2,0,16,4,0,graphics/editor/FireTileSet.png,224,224,16,16
"Tile(7, 3)",7,3,0,16,4,0,graphics/editor/FireTileSet.png,224,240,16,16
"Tile(7, 4)",7,4,0,16,4,0,graphics/editor/FireTileSet.png,224,256,16,16
"Tile(7, 5)",7,5,0,16,4,0,graphics/editor/FireTileSet.png,224,192,16,16
"Tile(7, 6)",7,6,0,16,4,0,graphics/editor/FireTileSet.png,224,208,16,16
"Tile(7, 7)",7,7,0,16,4,0,graphics/editor/FireTileSet.png,224,224,16,16
"Tile(7, 8)",7,8,0,16,4,0,graphics/editor/FireTileSet.png,224,240,16,16
"Tile(7, 9)",7,9,0,16,4,0,graphics/editor/FireTileSet.png,224,256,16,16
"Tile(7, 10)",7,10,0,16,4,0,graphics/editor/FireTileSet.png,224,192,16,16
"Tile(7, 11)",7,11,0,16,4,0,graphics/editor/FireTileSet.png,224,208,16,16
"Tile(7, 12)",7,12,0,16,4,0,graphics/editor/FireTileSet.png,224,224,16,16
"Tile(7, 13)",7,13,0,16,4,0,graphics/editor/FireTileSet.png,224,240,16,16
"Tile(7, 14)",7,14,0,16,4,0,graphics/editor/FireTileSet.png,224,256,16,16
"Tile(7, 15)",7,15,0,16,4,0,graphics/editor/FireTileSet.png,224,192,16,16
"Tile(7, 16)",7,16,0,16,4,0,graphics/editor/FireTileSet.png,224,208,16,16
"Tile(7, 17)",7,17,0,16,4,0,graphics/editor/FireTileSet.png,224,224,16,16
"Tile(7, 18)",7,18,0,16,4,0,graphics/editor/FireTileSet.png,224,240,16,16
"Tile(7, 19)",7,19,0,16,4,0,graphics/editor/FireTileSet.png,224,256,16,16
"Tile(7, 20)",7,20,0,16,4,0,graphics/editor/FireTileSet.png,224,192,16,16
"Tile(7, 21)",7,21,0,16,4,0,graphics/editor/FireTileSet.png,224,208,16,16
"Tile(7, 22)",7,22,0,16,4,0,graphics/editor/FireTileSet.png,224,224,16,16
"Tile(7, 23)",7,23,0,16,4,0,graphics/editor/FireTileSet.png,224,240,16,16
"Tile(7, 24)",7,24,0,16,4,0,graphics/editor/FireTileSet.png,224,256,16,16
"Tile(7, 25)",7,25,0,16,4,0,graphics/editor/FireTileSet.png,224,192,16,16
"Tile(7, 26)",7,26,0,16,4,0,graphics/editor/FireTileSet.png,224,208,16,16
"Tile(7, 27)",7,27,0,16,4,0,graphics/editor/FireTileSet.png,224,224,16,16
"Tile(7, 28)",7,28,0,16,4,0,graphics/editor/FireTileSet.png,224,240,16,16
"Tile(7, 29)",7,29,0,16,4,0,graphics/editor/FireTileSet.png,224,256,16,16
"Tile(7, 30)",7,30,0,16,4,0,graphics/editor/FireTileSet.png,224,192,16,16
"Tile(7, 31)",7,31,0,16,4,0,graphics/editor/FireTileSet.png,224,208,16,16
"Tile(8, 0)",8,0,0,16,4,0,graphics/editor/FireTileSet.png,240,192,16,16
"Tile(8, 1)",8,1,0,16,4,0,graphics/editor/FireTileSet.png,240,208,16,16
"Tile(8, 2)",8,2,0,16,4,0,graphics/editor/FireTileSet.png,240,224,16,16
"Tile(8, 3)",8,3,0,16,4,0,graphics/editor/FireTileSet.png,240,240,16,16
"Tile(8, 4)",8,4,0,16,4,0,graphics/editor/FireTileSet.png,240,256,16,16
"Tile(8, 5)",8,5,0,16,4,0,graphics/editor/FireTileSet.png,240,192,16,16
"Tile(8, 6)",8,6,0,16,4,0,graphics/editor/FireTileSet.png,240,208,16,16
"Tile(8, 7)",8,7,0,16,4,0,graphics/editor/FireTileSet.png,240,224,16,16
"Tile(8, 8)",8,8,0,16,4,0,graphics/editor/FireTileSet.png,240,240,16,16
"Tile(8, 9)",8,9,0,16,4,0,graphics/editor/FireTileSet.png,240,256,16,16
"Tile(8, 10)",8,10,0,16,4,0,graphics/editor/FireTileSet.png,240,192,16,16
"Tile(8, 11)",8,11,0,16,4,0,graphics/editor/FireTileSet.png,240,208,16,16
"Tile(8, 12)",8,12,0,16,4,0,graphics/editor/FireTileSet.png,240,224,16,16
"Tile(8, 13)",8,13,0,16,4,0,graphics/editor/FireTileSet.png,240,240,16,16
"Tile(8, 14)",8,14,0,16,4,0,graphics/editor/FireTileSet.png,240,256,16,16
"Tile(8, 15)",8,15,0,16,4,0,graphics/editor/FireTileSet.png,240,192,16,16
"Tile(8, 16)",8,16,0,16,4,0,graphics/editor/FireTileSet.png,240,208,16,16
"Tile(8, 17)",8,17,0,16,4,0,graphics/editor/FireTileSet.png,240,224,16,16
"Tile(8, 18)",8,18,0,16,4,0,graphics/editor/FireTileSet.png,240,240,16,16
"Tile(8, 19)",8,19,0,16,4,0,graphics/editor/FireTileSet.png,240,256,16,16
"Tile(8, 20)",8,20,0,16,4,0,graphics/editor/FireTileSet.png,240,192,16,16
"Tile(8, 21)",8,21,0,16,4,0,graphics/editor/FireTileSet.png,240,208,16,16
"Tile(8, 22)",8,22,0,16,4,0,graphics/editor/FireTileSet.png,240,224,16,16
"Tile(8, 23)",8,23,0,16,4,0,graphics/editor/FireTileSet.png,240,240,16,16
"Tile(8, 24)",8,24,0,16,4,0,graphics/editor/FireTileSet.png,240,256,16,16
"Tile(8, 25)",8,25,0,16,4,0,graphics/editor/FireTileSet.png,240,192,16,16
"Tile(8, 26)",8,26,0,16,4,0,graphics/editor/FireTileSet.png,240,208,16,16
"Tile(8, 27)",8,27,0,16,4,0,graphics/editor/FireTileSet.png,240,224,16,16
"Tile(8, 28)",8,28,0,16,4,0,graphics/editor/FireTileSet.png,240,240,16,16
"Tile(8, 29)",8,29,0,16,4,0,graphics/editor/FireTileSet.png,240,256,16,16
"Tile(8, 30)",8,30,0,16,4,0,graphics/editor/FireTileSet.png,240,192,16,16
"Tile(8, 31)",8,31,0,16,4,0,graphics/editor/FireTileSet.png,240,208,16,16
"Tile(9, 0)",9,0,0,16,4,0,graphics/editor/FireTileSet.png,256,192,16,16
"Tile(9, 1)",9,1,0,16,4,0,graphics/editor/FireTileSet.png,256,208,16,16
"Tile(9, 2)",9,2,0,16,4,0,graphics/editor/FireTileSet.png,256,224,16,16
"Tile(9, 3)",9,3,0,16,4,0,graphics/editor/FireTileSet.png,256,240,16,16
"Tile(9, 4)",9,4,0,16,4,0,graphics/editor/FireTileSet.png,256,256,16,16
"Tile(9, 5)",9,5,0,16,4,0,graphics/editor/FireTileSet.png,256,192,16,16
"Tile(9, 6)",9,6,0,16,4,0,graphics/editor/FireTileSet.png,256,208,16,16
"Tile(9, 7)",9,7,0,16,4,0,graphics/editor/FireTileSet.png,256,224,16,16
"Tile(9, 8)",9,8,0,16,4,0,graphics/editor/FireTileSet.png,256,240,16,16
"Tile(9, 9)",9,9,0,16,4,0,graphics/editor/FireTileSet.png,256,256,16,16
"Tile(9, 10)",9,10,0,16,4,0,graphics/editor/FireTileSet.png,256,192,16,16
"Tile(9, 11)",9,11,0,16,4,0,graphics/editor/FireTileSet.png,256,208,16,16
"Tile(9, 12)",9,12,0,16,4,0,graphics/editor/FireTileSet.png,256,224,16,16
"Tile(9, 13)",9,13,0,16,4,0,graphics/editor/FireTileSet.png,256,240,16,16
"Tile(9, 14)",9,14,0,16,4,0,graphics/editor/FireTileSet.png,256,256,16,16
"Tile(9, 15)",9,15,0,16,4,0,graphics/editor/FireTileSet.png,256,192,16,16
"Tile(9, 16)",9,16,0,16,4,0,graphics/editor/FireTileSet.png,256,208,16,16
"Tile(9, 17)",9,17,0,16,4,0,graphics/editor/FireTileSet.png,256,224,16,16
"Tile(9, 18)",9,18,0,16,4,0,graphics/editor/FireTileSet.png,256,240,16,16
"Tile(9, 19)",9,19,0,16,4,0,graphics/editor/FireTileSet.png,256,256,16,16
"Tile(9, 20)",9,20,0,16,4,0,graphics/editor/FireTileSet.png,256,192,16,16
"Tile(9, 21)",9,21,0,16,4,0,graphics/editor/FireTileSet.png,256,208,16,16
"Tile(9, 22)",9,22,0,16,4,0,graphics/editor/FireTileSet.png,256,224,16,16
"Tile(9, 23)",9,23,0,16,4,0,graphics/editor/FireTileSet.png,256,240,16,16
"Tile(9, 24)",9,24,0,16,4,0,graphics/editor/FireTileSet.png,256,256,16,16
"Tile(9, 25)",9,25,0,16,4,0,graphics/editor/FireTileSet.png,256,192,16,16
"Tile(9, 26)",9,26,0,16,4,0,graphics/editor/FireTileSet.png,256,208,16,16
"Tile(9, 27)",9,27,0,16,4,0,graphics/editor/FireTileSet.png,256,224,16,16
"Tile(9, 28)",9,28,0,16,4,0,graphics/editor/FireTileSet.png,256,240,16,16
"Tile(9, 29)",9,29,0,16,4,0,graphics/editor/FireTileSet.png,256,256,16,16
"Tile(9, 30)",9,30,0,16,4,0,graphics/editor/FireTileSet.png,256,192,16,16
"Tile(9, 31)",9,31,0,16,4,0,graphics/editor/FireTileSet.png,256,208,16,16
"Tile(10, 0)",10,0,0,16,4,0,graphics/editor/FireTileSet.png,192,192,16,16
"Tile(10, 1)",10,1,0,16,4,0,graphics/editor/FireTileSet.png,192,208,16,16
"Tile(10, 2)",10,2,0,16,4,0,graphics/editor/FireTileSet.png,192,224,16,16
"Tile(10, 3)",10,3,0,16,4,0,graphics/editor/FireTileSet.png,192,240,16,16
"Tile(10, 4)",10,4,0,16,4,0,graphics/editor/FireTileSet.png,192,256,16,16
"Tile(10, 5)",10,5,0,16,4,0,graphics/editor/FireTileSet.png,192,192,16,16
"Tile(10, 6)",10,6,0,16,4,0,graphics/editor/FireTileSet.png,192,208,16,16
"Tile(10, 7)",10,7,0,16,4,0,graphics/editor/FireTileSet.png,192,224,16,16
"Tile(10, 8)",10,8,0,16,4,0,graphics/editor/FireTileSet.png,192,240,16,16
"Tile(10, 9)",10,9,0,16,4,0,graphics/editor/FireTileSet.png,192,256,16,16
"Tile(10, 10)",10,10,0,16,4,0,graphics/editor/FireTileSet.png,192,192,16,16
"Tile(10, 11)",10,11,0,16,4,0,graphics/editor/FireTileSet.png,192,208,16,16
"Tile(10, 12)",10,12,0,16,4,0,graphics/editor/FireTileSet.png,192,224,16,16
"Tile(10, 13)",10,13,0,16,4,0,graphics/editor/FireTileSet.png,192,240,16,16
"Tile(10, 14)",10,14,0,16,4,0,graphics/editor/FireTileSet.png,192,256,16,16
"Tile(10, 15)",10,15,0,16,4,0,graphics/editor/FireTileSet.png,192,192,16,16
"Tile(10, 16)",10,16,0,16,4,0,graphics/editor/FireTileSet.png,192,208,16,16
"Tile(10, 17)",10,17,0,16,4,0,graphics/editor/FireTileSet.png,192,224,16,16
"Tile(10, 18)",10,18,0,16,4,0,graphics/editor/FireTileSet.png,192,240,16,16
"Tile(10, 19)",10,19,0,16,4,0,graphics/editor/FireTileSet.png,192,256,16,16
"Tile(10, 20)",10,20,0,16,4,0,graphics/editor/FireTileSet.png,192,192,16,16
"Tile(10, 21)",10,21,0,16,4,0,graphics/editor/FireTileSet.png,192,208,16,16
"Tile(10, 22)",10,22,0,16,4,0,graphics/editor/FireTileSet.png,192,224,16,16
"Tile(10, 23)",10,23,0,16,4,0,graphics/editor/FireTileSet.png,192,240,16,16
"Tile(10, 24)",10,24,0,16,4,0,graphics/editor/FireTileSet.png,192,256,16,16
"Tile(10, 25)",10,25,0,16,4,0,graphics/editor/FireTileSet.png,192,192,16,16
"Tile(10, 26)",10,26,0,16,4,0,graphics/editor/FireTileSet.png,192,208,16,16
"Tile(10, 27)",10,27,0,16,4,0,graphics/editor/FireTileSet.png,192,224,16,16
"Tile(10, 28)",10,28,0,16,4,0,graphics/editor/FireTileSet.png,192,240,16,16
"Tile(10, 29)",10,29,0,16,4,0,graphics/editor/FireTileSet.png,192,256,16,16
"Tile(10, 30)",10,30,0,16,4,0,graphics/editor/FireTileSet.png,192,192,16,16
"Tile(10, 31)",10,31,0,16,4,0,graphics/editor/FireTileSet.png,192,208,16,16
"Tile(11, 0)",11,0,0,16,4,0,graphics/editor/FireTileSet.png,208,192,16,16
"Tile(11, 1)",11,1,0,16,4,0,graphics/editor/FireTileSet.png,208,208,16,16
"Tile(11, 2)",11,2,0,16,4,0,graphics/editor/FireTileSet.png,208,224,16,16
"Tile(11, 3)",11,3,0,16,4,0,graphics/editor/FireTileSet.png,208,240,16,16
"Tile(11, 4)",11,4,0,16,4,0,graphics/editor/FireTileSet.png,208,256,16,16
"Tile(11, 5)",11,5,0,16,4,0,graphics/editor/FireTileSet.png,208,192,16,16
"Tile(11, 6)",11,6,0,16,4,0,graphics/editor/FireTileSet.png,208,208,16,16
"Tile(11, 7)",11,7,0,16,4,0,graphics/editor/FireTileSet.png,208,224,16,16
"Tile(11, 8)",11,8,0,16,4,0,graphics/editor/FireTileSet.png,208,240,16,16
"Tile(11, 9)",11,9,0,16,4,0,graphics/editor/FireTileSet.png,208,256,16,16
"Tile(11, 10)",11,10,0,16,4,0,graphics/editor/FireTileSet.png,208,192,16,16
"Tile(11, 11)",11,11,0,16,4,0,graphics/editor/FireTileSet.png,208,208,16,16
"Tile(11, 12)",11,12,0,16,4,0,graphics/editor/FireTileSet.png,208,224,16,16
"Tile(11, 13)",11,13,0,16,4,0,graphics/editor/FireTileSet.png,208,240,16,16
"Tile(11, 14)",11,14,0,16,4,0,graphics/editor/FireTileSet.png,208,256,16,16
"Tile(11, 15)",11,15,0,16,4,0,graphics/editor/FireTileSet.png,208,192,16,16
"Tile(11, 16)",11,16,0,16,4,0,graphics/editor/FireTileSet.png,208,208,16,16
"Tile(11, 17)",11,17,0,16,4,0,graphics/editor/FireTileSet.png,208,224,16,16
"Tile(11, 18)",11,18,0,16,4,0,graphics/editor/FireTileSet.png,208,240,16,16
"Tile(11, 19)",11,19,0,16,4,0,graphics/editor/FireTileSet.png,208,256,16,16
"Tile(11, 20)",11,20,0,16,4,0,graphics/editor/FireTileSet.png,208,192,16,16
"Tile(11, 21)",11,21,0,16,4,0,graphics/editor/FireTileSet.png,208,208,16,16
"Tile(11, 22)",11,22,0,16,4,0,graphics/editor/FireTileSet.png,208,224,16,16
"Tile(11, 23)",11,23,0,16,4,0,graphics/editor/FireTileSet.png,208,240,16,16
"Tile(11, 24)",11,24,0,16,4,0,graphics/editor/FireTileSet.png,208,256,16,16
"Tile(11, 25)",11,25,0,16,4,0,graphics/editor/FireTileSet.png,208,192,16,16
"Tile(11, 26)",11,26,0,16,4,0,graphics/editor/FireTileSet.png,208,208,16,16
"Tile(11, 27)",11,27,0,16,4,0,graphics/editor/FireTileSet.png,208,224,16,16
"Tile(11, 28)",11,28,0,16,4,0,graphics/editor/FireTileSet.png,208,240,16,16
"Tile(11, 29)",11,29,0,16,4,0,graphics/editor/FireTileSet.png,208,256,16,16
"Tile(11, 30)",11,30,0,16,4,0,graphics/editor/FireTileSet.png,208,192,16,16
"Tile(11, 31)",11,31,0,16,4,0,graphics/editor/FireTileSet.png,208,208,16,16
"Tile(12, 0)",12,0,0,16,4,0,graphics/editor/FireTileSet.png,224,192,16,16
"Tile(12, 1)",12,1,0,16,4,0,graphics/editor/FireTileSet.png,224,208,16,16
"Tile(12, 2)",12,2,0,16,4,0,graphics/editor/FireTileSet.png,224,224,16,16
"Tile(12, 3)",12,3,0,16,4,0,graphics/editor/FireTileSet.png,224,240,16,16
"Tile(12, 4)",12,4,0,16,4,0,graphics/editor/FireTileSet.png,224,256,16,16
"Tile(12, 5)",12,5,0,16,4,0,graphics/editor/FireTileSet.png,224,192,16,16
"Tile(12, 6)",12,6,0,16,4,0,graphics/editor/FireTileSet.png,224,208,16,16
"Tile(12, 7)",12,7,0,16,4,0,graphics/editor/FireTileSet.png,224,224,16,16
"Tile(12, 8)",12,8,0,16,4,0,graphics/editor/FireTileSet.png,224,240,16,16
"Tile(12, 9)",12,9,0,16,4,0,graphics/editor/FireTileSet.png,224,256,16,16
"Tile(12, 10)",12,10,0,16,4,0,graphics/editor/FireTileSet.png,224,192,16,16
"Tile(12, 11)",12,11,0,16,4,0,graphics/editor/FireTileSet.png,224,208,16,16
"Tile(12, 12)",12,12,0,16,4,0,graphics/editor/FireTileSet.png,224,224,16,16
"Tile(12, 13)",12,13,0,16,4,0,graphics/editor/FireTileSet.png,224,240,16,16
"Tile(12, 14)",12,14,0,16,4,0,graphics/editor/FireTileSet.png,224,256,16,16
"Tile(12, 15)",12,15,0,16,4,0,graphics/editor/FireTileSet.png,224,192,16,16
"Tile(12, 16)",12,16,0,16,4,0,graphics/editor/FireTileSet.png,224,208,16,16
"Tile(12, 17)",12,17,0,16,4,0,graphics/editor/FireTileSet.png,224,224,16,16
"Tile(12, 18)",12,18,0,16,4,0,graphics/editor/FireTileSet.png,224,240,16,16
"Tile(12, 19)",12,19,0,16,4,0,graphics/editor/FireTileSet.png,224,256,16,16
"Tile(12, 20)",12,20,0,16,4,0,graphics/editor/FireTileSet.png,224,192,16,16
"Tile(12, 21)",12,21,0,16,4,0,graphics/editor/FireTileSet.png,224,208,16,16
"Tile(12, 22)",12,22,0,16,4,0,graphics/editor/FireTileSet.png,224,224,16,16
"Tile(12, 23)",12,23,0,16,4,0,graphics/editor/FireTileSet.png,224,240,16,16
"Tile(12, 24)",12,24,0,16,4,0,graphics/editor/FireTileSet.png,224,256,16,16
"Tile(12, 25)",12,25,0,16,4,0,graphics/editor/FireTileSet.png,224,192,16,16
"Tile(12, 26)",12,26,0,16,4,0,graphics/editor/FireTileSet.png,224,208,16,16
"Tile(12, 27)",12,27,0,16,4,0,graphics/editor/FireTileSet.png,224,224,16,16
"Tile(12, 28)",12,28,0,16,4,0,graphics/editor/FireTileSet.png,224,240,16,16
"Tile(12, 29)",12,29,0,16,4,0,graphics/editor/FireTileSet.png,224,256,16,16
"Tile(12, 30)",12,30,0,16,4,0,graphics/editor/FireTileSet.png,224,192,16,16
"Tile(12, 31)",12,31,0,16,4,0,graphics/editor/FireTileSet.png,224,208,16,16
"Tile(13, 0)",13,0,0,16,4,0,graphics/editor/FireTileSet.png,240,192,16,16
"Tile(13, 1)",13,1,0,16,4,0,graphics/editor/FireTileSet.png,240,208,16,16
"Tile(13, 2)",13,2,0,16,4,0,graphics/editor/FireTileSet.png,240,224,16,16
"Tile(13, 3)",13,3,0,16,4,0,graphics/editor/FireTileSet.png,240,240,16,16
"Tile(13, 4)",13,4,0,16,4,0,graphics/editor/FireTileSet.png,240,256,16,16
"Tile(13, 5)",13,5,0,16,4,0,graphics/editor/FireTileSet.png,240,192,16,16
"Tile(13, 6)",13,6,0,16,4,0,graphics/editor/FireTileSet.png,240,208,16,16
"Tile(13, 7)",13,7,0,16,4,0,graphics/editor/FireTileSet.png,240,224,16,16
"Tile(13, 8)",13,8,0,16,4,0,graphics/editor/FireTileSet.png,240,240,16,16
"Tile(13, 9)",13,9,0,16,4,0,graphics/editor/FireTileSet.png,240,256,16,16
"Tile(13, 10)",13,10,0,16,4,0,graphics/editor/FireTileSet.png,240,192,16,16
"Tile(13, 11)",13,11,0,16,4,0,graphics/editor/FireTileSet.png,240,208,16,16
"Tile(13, 12)",13,12,0,16,4,0,graphics/editor/FireTileSet.png,240,224,16,16
"Tile(13, 13)",13,13,0,16,4,0,graphics/editor/FireTileSet.png,240,240,16,16
"Tile(13, 14)",13,14,0,16,4,0,graphics/editor/FireTileSet.png,240,256,16,16
"Tile(13, 15)",13,15,0,16,4,0,graphics/editor/FireTileSet.png,240,192,16,16
"Tile(13, 16)",13,16,0,16,4,0,graphics/editor/FireTileSet.png,240,208,16,16
"Tile(13, 17)",13,17,0,16,4,0,graphics/editor/FireTileSet.png,240,224,16,16
"Tile(13, 18)",13,18,0,16,4,0,graphics/editor/FireTileSet.png,240,240,16,16
"Tile(13, 19)",13,19,0,16,4,0,graphics/editor/FireTileSet.png,240,256,16,16
"Tile(13, 20)",13,20,0,16,4,0,graphics/editor/FireTileSet.png,240,192,16,16
"Tile(13, 21)",13,21,0,16,4,0,graphics/editor/FireTileSet.png,240,208,16,16
"Tile(13, 22)",13,22,0,16,4,0,graphics/editor/FireTileSet.png,240,224,16,16
"Tile(13, 23)",13,23,0,16,4,0,graphics/editor/FireTileSet.png,240,240,16,16
"Tile(13, 24)",13,24,0,16,4,0,graphics/editor/FireTileSet.png,240,256,16,16
"Tile(13, 25)",13,25,0,16,4,0,graphics/editor/FireTileSet.png,240,192,16,16
"Tile(13, 26)",13,26,0,16,4,0,graphics/editor/FireTileSet.png,240,208,16,16
"Tile(13, 27)",13,27,0,16,4,0,graphics/editor/FireTileSet.png,240,224,16,16
"Tile(13, 28)",13,28,0,16,4,0,graphics/editor/FireTileSet.png,240,240,16,16
"Tile(13, 29)",13,29,0,16,4,0,graphics/editor/FireTileSet.png,240,256,16,16
"Tile(13, 30)",13,30,0,16,4,0,graphics/editor/FireTileSet.png,240,192,16,16
"Tile(13, 31)",13,31,0,16,4,0,graphics/editor/FireTileSet.png,240,208,16,16
"Tile(14, 0)",14,0,0,16,4,0,graphics/editor/FireTileSet.png,256,192,16,16
"Tile(14, 1)",14,1,0,16,4,0,graphics/editor/FireTileSet.png,256,208,16,16
"Tile(14, 2)",14,2,0,16,4,0,graphics/editor/FireTileSet.png,256,224,16,16
"Tile(14, 3)",14,3,0,16,4,0,graphics/editor/FireTileSet.png,256,240,16,16
"Tile(14, 4)",14,4,0,16,4,0,graphics/editor/FireTileSet.png,256,256,16,16
"Tile(14, 5)",14,5,0,16,4,0,graphics/editor/FireTileSet.png,256,192,16,16
"Tile(14, 6)",14,6,0,16,4,0,graphics/editor/FireTileSet.png,256,208,16,16
"Tile(14, 7)",14,7,0,16,4,0,graphics/editor/FireTileSet.png,256,224,16,16
"Tile(14, 8)",14,8,0,16,4,0,graphics/editor/FireTileSet.png,256,240,16,16
"Tile(14, 9)",14,9,0,16,4,0,graphics/editor/FireTileSet.png,256,256,16,16
"Tile(14, 10)",14,10,0,16,4,0,graphics/editor/FireTileSet.png,256,192,16,16
"Tile(14, 11)",14,11,0,16,4,0,graphics/editor/FireTileSet.png,256,208,16,16
"Tile(14, 12)",14,12,0,16,4,0,graphics/editor/FireTileSet.png,256,224,16,16
"Tile(14, 13)",14,13,0,16,4,0,graphics/editor/FireTileSet.png,256,240,16,16
"Tile(14, 14)",14,14,0,16,4,0,graphics/editor/FireTileSet.png,256,256,16,16
"Tile(14, 15)",14,15,0,16,4,0,graphics/editor/FireTileSet.png,256,192,16,16
"Tile(14, 16)",14,16,0,16,4,0,graphics/editor/FireTileSet.png,256,208,16,16
"Tile(14, 17)",14,17,0,16,4,0,graphics/editor/FireTileSet.png,256,224,16,16
"Tile(14, 18)",14,18,0,16,4,0,graphics/editor/FireTileSet.png,256,240,16,16
"Tile(14, 19)",14,19,0,16,4,0,graphics/editor/FireTileSet.png,256,256,16,16
"Tile(14, 20)",14,20,0,16,4,0,graphics/editor/FireTileSet.png,256,192,16,16
"Tile(14, 21)",14,21,0,16,4,0,graphics/editor/FireTileSet.png,256,208,16,16
"Tile(14, 22)",14,22,0,16,4,0,graphics/editor/FireTileSet.png,256,224,16,16
"Tile(14, 23)",14,23,0,16,4,0,graphics/editor/FireTileSet.png,256,240,16,16
"Tile(14, 24)",14,24,0,16,4,0,graphics/editor/FireTileSet.png,256,256,16,16
"Tile(14, 25)",14,25,0,16,4,0,graphics/editor/FireTileSet.png,256,192,16,16
"Tile(14, 26)",14,26,0,16,4,0,graphics/editor/FireTileSet.png,256,208,16,16
"Tile(14, 27)",14,27,0,16,4,0,graphics/editor/FireTileSet.png,256,224,16,16
"Tile(14, 28)",14,28,0,16,4,0,graphics/editor/FireTileSet.png,256,240,16,16
"Tile(14, 29)",14,29,0,16,4,0,graphics/editor/FireTileSet.png,256,256,16,16
"Tile(14, 30)",14,30,0,16,4,0,graphics/editor/FireTileSet.png,256,192,16,16
"Tile(14, 31)",14,31,0,16,4,0,graphics/editor/FireTileSet.png,256,208,16,16
"Tile(15, 0)",15,0,0,16,4,0,graphics/editor/FireTileSet.png,192,192,16,16
"Tile(15, 1)",15,1,0,16,4,0,graphics/editor/FireTileSet.png,192,208,16,16
"Tile(15, 2)",15,2,0,16,4,0,graphics/editor/FireTileSet.png,192,224,16,16
"Tile(15, 3)",15,3,0,16,4,0,graphics/editor/FireTileSet.png,192,240,16,16
"Tile(15, 4)",15,4,0,16,4,0,graphics/editor/FireTileSet.png,192,256,16,16
"Tile(15, 5)",15,5,0,16,4,0,graphics/editor/FireTileSet.png,192,192,16,16
"Tile(15, 6)",15,6,0,16,4,0,graphics/editor/FireTileSet.png,192,208,16,16
"Tile(15, 7)",15,7,0,16,4,0,graphics/editor/FireTileSet.png,192,224,16,16
"Tile(15, 8)",15,8,0,16,4,0,graphics/editor/FireTileSet.png,192,240,16,16
"Tile(15, 9)",15,9,0,16,4,0,graphics/editor/FireTileSet.png,192,256,16,16
"Tile(15, 10)",15,10,0,16,4,0,graphics/editor/FireTileSet.png,192,192,16,16
"Tile(15, 11)",15,11,0,16,4,0,graphics/editor/FireTileSet.png,192,208,16,16
"Tile(15, 12)",15,12,0,16,4,0,graphics/editor/FireTileSet.png,192,224,16,16
"Tile(15, 13)",15,13,0,16,4,0,graphics/editor/FireTileSet.png,192,240,16,16
"Tile(15, 14)",15,14,0,16,4,0,graphics/editor/FireTileSet.png,192,256,16,16
"Tile(15, 15)",15,15,0,16,4,0,graphics/editor/FireTileSet.png,192,192,16,16
"Tile(15, 16)",15,16,0,16,4,0,graphics/editor/FireTileSet.png,192,208,16,16
"Tile(15, 17)",15,17,0,16,4,0,graphics/editor/FireTileSet.png,192,224,16,16
"Tile(15, 18)",15,18,0,16,4,0,graphics/editor/FireTileSet.png,192,240,16,16
"Tile(15, 19)",15,19,0,16,4,0,graphics/editor/FireTileSet.png,192,256,16,16
"Tile(15, 20)",15,20,0,16,4,0,graphics/editor/FireTileSet.png,192,192,16,16
"Tile(15, 21)",15,21,0,16,4,0,graphics/editor/FireTileSet.png,192,208,16,16
"Tile(15, 22)",15,22,0,16,4,0,graphics/editor/FireTileSet.png,192,224,16,16
"Tile(15, 23)",15,23,0,16,4,0,graphics/editor/FireTileSet.png,192,240,16,16
"Tile(15, 24)",15,24,0,16,4,0,graphics/editor/FireTileSet.png,192,256,16,16
"Tile(15, 25)",15,25,0,16,4,0,graphics/editor/FireTileSet.png,192,192,16,16
"Tile(15, 26)",15,26,0,16,4,0,graphics/editor/FireTileSet.png,192,208,16,16
"Tile(15, 27)",15,27,0,16,4,0,graphics/editor/FireTileSet.png,192,224,16,16
"Tile(15, 28)",15,28,0,16,4,0,graphics/editor/FireTileSet.png,192,240,16,16
"Tile(15, 29)",15,29,0,16,4,0,graphics/editor/FireTileSet.png,192,256,16,16
"Tile(15, 30)",15,30,0,16,4,0,graphics/editor/FireTileSet.png,192,192,16,16
"Tile(15, 31)",15,31,0,16,4,0,graphics/editor/FireTileSet.png,192,208,16,16
"Tile(16, 0)",16,0,0,16,4,0,graphics/editor/FireTileSet.png,208,192,16,16
"Tile(16, 1)",16,1,0,16,4,0,graphics/editor/FireTileSet.png,208,208,16,16
"Tile(16, 2)",16,2,0,16,4,0,graphics/editor/FireTileSet.png,208,224,16,16
"Tile(16, 3)",16,3,0,16,4,0,graphics/editor/FireTileSet.png,208,240,16,16
"Tile(16, 4)",16,4,0,16,4,0,graphics/editor/FireTileSet.png,208,256,16,16
"Tile(16, 5)",16,5,0,16,4,0,graphics/editor/FireTileSet.png,208,192,16,16
"Tile(16, 6)",16,6,0,16,4,0,graphics/editor/FireTileSet.png,208,208,16,16
"Tile(16, 7)",16,7,0,16,4,0,graphics/editor/FireTileSet.png,208,224,16,16
"Tile(16, 8)",16,8,0,16,4,0,graphics/editor/FireTileSet.png,208,240,16,16
"Tile(16, 9)",16,9,0,16,4,0,graphics/editor/FireTileSet.png,208,256,16,16
"Tile(16, 10)",16,10,0,16,4,0,graphics/editor/FireTileSet.png,208,192,16,16
"Tile(16, 11)",16,11,0,16,4,0,graphics/editor/FireTileSet.png,208,208,16,16
"Tile(16, 12)",16,12,0,16,4,0,graphics/editor/FireTileSet.png,208,224,16,16
"Tile(16, 13)",16,13,0,16,4,0,graphics/editor/FireTileSet.png,208,240,16,16
"Tile(16, 14)",16,14,0,16,4,0,graphics/editor/FireTileSet.png,208,256,16,16
"Tile(16, 15)",16,15,0,16,4,0,graphics/editor/FireTileSet.png,208,192,16,16
"Tile(16, 16)",16,16,0,16,4,0,graphics/editor/FireTileSet.png,208,208,16,16
"Tile(16, 17)",16,17,0,16,4,0,graphics/editor/FireTileSet.png,208,224,16,16
"Tile(16, 18)",16,18,0,16,4,0,graphics/editor/FireTileSet.png,208,240,16,16
"Tile(16, 19)",16,19,0,16,4,0,graphics/editor/FireTileSet.png,208,256,16,16
"Tile(16, 20)",16,20,0,16,4,0,graphics/editor/FireTileSet.png,208,192,16,16
"Tile(16, 21)",16,21,0,16,4,0,graphics/editor/FireTileSet.png,208,208,16,16
"Tile(16, 22)",16,22,0,16,4,0,graphics/editor/FireTileSet.png,208,224,16,16
"Tile(16, 23)",16,23,0,16,4,0,graphics/editor/FireTileSet.png,208,240,16,16
"Tile(16, 24)",16,24,0,16,4,0,graphics/editor/FireTileSet.png,208,256,16,16
"Tile(16, 25)",16,25,0,16,4,0,graphics/editor/FireTileSet.png,208,192,16,16
"Tile(16, 26)",16,26,0,16,4,0,graphics/editor/FireTileSet.png,208,208,16,16
"Tile(16, 27)",16,27,0,16,4,0,graphics/editor/FireTileSet.png,208,224,16,16
"Tile(16, 28)",16,28,0,16,4,0,graphics/editor/FireTileSet.png,208,240,16,16
"Tile(16, 29)",16,29,0,16,4,0,graphics/editor/FireTileSet.png,208,256,16,16
"Tile(16, 30)",16,30,0,16,4,0,graphics/editor/FireTileSet.png,208,192,16,16
"Tile(16, 31)",16,31,0,16,4,0,graphics/editor/FireTileSet.png,208,208,16,16
"Tile(17, 0)",17,0,0,16,4,0,graphics/editor/FireTileSet.png,224,192,16,16
"Tile(17, 1)",17,1,0,16,4,0,graphics/editor/FireTileSet.png,224,208,16,16
"Tile(17, 2)",17,2,0,16,4,0,graphics/editor/FireTileSet.png,224,224,16,16
"Tile(17, 3)",17,3,0,16,4,0,graphics/editor/FireTileSet.png,224,240,16,16
"Tile(17, 4)",17,4,0,16,4,0,graphics/editor/FireTileSet.png,224,256,16,16
"Tile(17, 5)",17,5,0,16,4,0,graphics/editor/FireTileSet.png,224,192,16,16
"Tile(17, 6)",17,6,0,16,4,0,graphics/editor/FireTileSet.png,224,208,16,16
"Tile(17, 7)",17,7,0,16,4,0,graphics/editor/FireTileSet.png,224,224,16,16
"Tile(17, 8)",17,8,0,16,4,0,graphics/editor/FireTileSet.png,224,240,16,16
"Tile(17, 9)",17,9,0,16,4,0,graphics/editor/FireTileSet.png,224,256,16,16
"Tile(17, 10)",17,10,0,16,4,0,graphics/editor/FireTileSet.png,224,192,16,16
"Tile(17, 11)",17,11,0,16,4,0,graphics/editor/FireTileSet.png,224,208,16,16
"Tile(17, 12)",17,12,0,16,4,0,graphics/editor/FireTileSet.png,224,224,16,16
"Tile(17, 13)",17,13,0,16,4,0,graphics/editor/FireTileSet.png,224,240,16,16
"Tile(17, 14)",17,14,0,16,4,0,graphics/editor/FireTileSet.png,224,256,16,16
"Tile(17, 15)",17,15,0,16,4,0,graphics/editor/FireTileSet.png,224,192,16,16
"Tile(17, 16)",17,16,0,16,4,0,graphics/editor/FireTileSet.png,224,208,16,16
"Tile(17, 17)",17,17,0,16,4,0,graphics/editor/FireTileSet.png,224,224,16,16
"Tile(17, 18)",17,18,0,16,4,0,graphics/editor/FireTileSet.png,224,240,16,16
"Tile(17, 19)",17,19,0,16,4,0,graphics/editor/FireTileSet.png,224,256,16,16
"Tile(17, 20)",17,20,0,16,4,0,graphics/editor/FireTileSet.png,224,192,16,16
"Tile(17, 21)",17,21,0,16,4,0,graphics/editor/FireTileSet.png,224,208,16,16
"Tile(17, 22)",17,22,0,16,4,0,graphics/editor/FireTileSet.png,224,224,16,16
"Tile(17, 23)",17,23,0,16,4,0,graphics/editor/FireTileSet.png,224,240,16,16
"Tile(17, 24)",17,24,0,16,4,0,graphics/editor/FireTileSet.png,224,256,16,16
"Tile(17, 25)",17,25,0,16,4,0,graphics/editor/FireTileSet.png,224,192,16,16
"Tile(17, 26)",17,26,0,16,4,0,graphics/editor/FireTileSet.png,224,208,16,16
"Tile(17, 27)",17,27,0,16,4,0,graphics/editor/FireTileSet.png,224,224,16,16
"Tile(17, 28)",17,28,0,16,4,0,graphics/editor/FireTileSet.png,224,240,16,16
"Tile(17, 29)",17,29,0,16,4,0,graphics/editor/FireTileSet.png,224,256,16,16
"Tile(17, 30)",17,30,0,16,4,0,graphics/editor/FireTileSet.png,224,192,16,16
"Tile(17, 31)",17,31,0,16,4,0,graphics/editor/FireTileSet.png,224,208,16,16
"Tile(18, 0)",18,0,0,16,4,0,graphics/editor/FireTileSet.png,240,192,16,16
"Tile(18, 1)",18,1,0,16,4,0,graphics/editor/FireTileSet.png,240,208,16,16
"Tile(18, 2)",18,2,0,16,4,0,graphics/editor/FireTileSet.png,240,224,16,16
"Tile(18, 3)",18,3,0,16,4,0,graphics/editor/FireTileSet.png,240,240,16,16
"Tile(18, 4)",18,4,0,16,4,0,graphics/editor/FireTileSet.png,240,256,16,16
"Tile(18, 5)",18,5,0,16,4,0,graphics/editor/FireTileSet.png,240,192,16,16
"Tile(18, 6)",18,6,0,16,4,0,graphics/editor/FireTileSet.png,240,208,16,16
"Tile(18, 7)",18,7,0,16,4,0,graphics/editor/FireTileSet.png,240,224,16,16
"Tile(18, 8)",18,8,0,16,4,0,graphics/editor/FireTileSet.png,240,240,16,16
"Tile(18, 9)",18,9,0,16,4,0,graphics/editor/FireTileSet.png,240,256,16,16
"Tile(18, 10)",18,10,0,16,4,0,graphics/editor/FireTileSet.png,240,192,16,16
"Tile(18, 11)",18,11,0,16,4,0,graphics/editor/FireTileSet.png,240,208,16,16
"Tile(18, 12)",18,12,0,16,4,0,graphics/editor/FireTileSet.png,240,224,16,16
"Tile(18, 13)",18,13,0,16,4,0,graphics/editor/FireTileSet.png,240,240,16,16
"Tile(18, 14)",18,14,0,16,4,0,graphics/editor/FireTileSet.png,240,256,16,16
"Tile(18, 15)",18,15,0,16,4,0,graphics/editor/FireTileSet.png,240,192,16,16
"Tile(18, 16)",18,16,0,16,4,0,graphics/editor/FireTileSet.png,240,208,16,16
"Tile(18, 17)",18,17,0,16,4,0,graphics/editor/FireTileSet.png,240,224,16,16
"Tile(18, 18)",18,18,0,16,4,0,graphics/editor/FireTileSet.png,240,240,16,16
"Tile(18, 19)",18,19,0,16,4,0,graphics/editor/FireTileSet.png,240,256,16,16
"Tile(18, 20)",18,20,0,16,4,0,graphics/editor/FireTileSet.png,240,192,16,16
"Tile(18, 21)",18,21,0,16,4,0,graphics/editor/FireTileSet.png,240,208,16,16
"Tile(18, 22)",18,22,0,16,4,0,graphics/editor/FireTileSet.png,240,224,16,16
"Tile(18, 23)",18,23,0,16,4,0,graphics/editor/FireTileSet.png,240,240,16,16
"Tile(18, 24)",18,24,0,16,4,0,graphics/editor/FireTileSet.png,240,256,16,16
"Tile(18, 25)",18,25,0,16,4,0,graphics/editor/FireTileSet.png,240,192,16,16
"Tile(18, 26)",18,26,0,16,4,0,graphics/editor/FireTileSet.png,240,208,16,16
"Tile(18, 27)",18,27,0,16,4,0,graphics/editor/FireTileSet.png,240,224,16,16
"Tile(18, 28)",18,28,0,16,4,0,graphics/editor/FireTileSet.png,240,240,16,16
"Tile(18, 29)",18,29,0,16,4,0,graphics/editor/FireTileSet.png,240,256,16,16
"Tile(18, 30)",18,30,0,16,4,0,graphics/editor/FireTileSet.png,240,192,16,16
"Tile(18, 31)",18,31,0,16,4,0,graphics/editor/FireTileSet.png,240,208,16,16
"Tile(19, 0)",19,0,0,16,4,0,graphics/editor/FireTileSet.png,256,192,16,16
"Tile(19, 1)",19,1,0,16,4,0,graphics/editor/FireTileSet.png,256,208,16,16
"Tile(19, 2)",19,2,0,16,4,0,graphics/editor/FireTileSet.png,256,224,16,16
"Tile(19, 3)",19,3,0,16,4,0,graphics/editor/FireTileSet.png,256,240,16,16
"Tile(19, 4)",19,4,0,16,4,0,graphics/editor/FireTileSet.png,256,256,16,16
"Tile(19, 5)",19,5,0,16,4,0,graphics/editor/FireTileSet.png,256,192,16,16
"Tile(19, 6)",19,6,0,16,4,0,graphics/editor/FireTileSet.png,256,208,16,16
"Tile(19, 7)",19,7,0,16,4,0,graphics/editor/FireTileSet.png,256,224,16,16
"Tile(19, 8)",19,8,0,16,4,0,graphics/editor/FireTileSet.png,256,240,16,16
"Tile(19, 9)",19,9,0,16,4,0,graphics/editor/FireTileSet.png,256,256,16,16
"Tile(19, 10)",19,10,0,16,4,0,graphics/editor/FireTileSet.png,256,192,16,16
"Tile(19, 11)",19,11,0,16,4,0,graphics/editor/FireTileSet.png,256,208,16,16
"Tile(19, 12)",19,12,0,16,4,0,graphics/editor/FireTileSet.png,256,224,16,16
"Tile(19, 13)",19,13,0,16,4,0,graphics/editor/FireTileSet.png,256,240,16,16
"Tile(19, 14)",19,14,0,16,4,0,graphics/editor/FireTileSet.png,256,256,16,16
"Tile(19, 15)",19,15,0,16,4,0,graphics/editor/FireTileSet.png,256,192,16,16
"Tile(19, 16)",19,16,0,16,4,0,graphics/editor/FireTileSet.png,256,208,16,16
"Tile(19, 17)",19,17,0,16,4,0,graphics/editor/FireTileSet.png,256,224,16,16
"Tile(19, 18)",19,18,0,16,4,0,graphics/editor/FireTileSet.png,256,240,16,16
"Tile(19, 19)",19,19,0,16,4,0,graphics/editor/FireTileSet.png,256,256,16,16
"Tile(19, 20)",19,20,0,16,4,0,graphics/editor/FireTileSet.png,256,192,16,16
"Tile(19, 21)",19,21,0,16,4,0,graphics/editor/FireTileSet.png,256,208,16,16
"Tile(19, 22)",19,22,0,16,4,0,graphics/editor/FireTileSet.png,256,224,16,16
"Tile(19, 23)",19,23,0,16,4,0,graphics/editor/FireTileSet.png,256,240,16,16
"Tile(19, 24)",19,24,0,16,4,0,graphics/editor/FireTileSet.png,256,256,16,16
"Tile(19, 25)",19,25,0,16,4,0,graphics/editor/FireTileSet.png,256,192,16,16
"Tile(19, 26)",19,26,0,16,4,0,graphics/editor/FireTileSet.png,256,208,16,16
"Tile(19, 27)",19,27,0,16,4,0,graphics/editor/FireTileSet.png,256,224,16,16
"Tile(19, 28)",19,28,0,16,4,0,graphics/editor/FireTileSet.png,256,240,16,16
"Tile(19, 29)",19,29,0,16,4,0,graphics/editor/FireTileSet.png,256,256,16,16
"Tile(19, 30)",19,30,0,16,4,0,graphics/editor/FireTileSet.png,256,192,16,16
"Tile(19, 31)",19,31,0,16,4,0,graphics/editor/FireTileSet.png,256,208,16,16
"Tile(20, 0)",20,0,0,16,4,0,graphics/editor/FireTileSet.png,192,192,16,16
"Tile(20, 1)",20,1,0,16,4,0,graphics/editor/FireTileSet.png,192,208,16,16
"Tile(20, 2)",20,2,0,16,4,0,graphics/editor/FireTileSet.png,192,224,16,16
"Tile(20, 3)",20,3,0,16,4,0,graphics/editor/FireTileSet.png,192,240,16,16
"Tile(20, 4)",20,4,0,16,4,0,graphics/editor/FireTileSet.png,192,256,16,16
"Tile(20, 5)",20,5,0,16,4,0,graphics/editor/FireTileSet.png,192,192,16,16
"Tile(20, 6)",20,6,0,16,4,0,graphics/editor/FireTileSet.png,192,208,16,16
"Tile(20, 7)",20,7,0,16,4,0,graphics/editor/FireTileSet.png,192,224,16,16
"Tile(20, 8)",20,8,0,16,4,0,graphics/editor/FireTileSet.png,192,240,16,16
"Tile(20, 9)",20,9,0,16,4,0,graphics/editor/FireTileSet.png,192,256,16,16
"Tile(20, 10)",20,10,0,16,4,0,graphics/editor/FireTileSet.png,192,192,16,16
"Tile(20, 11)",20,11,0,16,4,0,graphics/editor/FireTileSet.png,192,208,16,16
"Tile(20, 12)",20,12,0,16,4,0,graphics/editor/FireTileSet.png,192,224,16,16
"Tile(20, 13)",20,13,0,16,4,0,graphics/editor/FireTileSet.png,192,240,16,16
"Tile(20, 14)",20,14,0,16,4,0,graphics/editor/FireTileSet.png,192,256,16,16
"Tile(20, 15)",20,15,0,16,4,0,graphics/editor/FireTileSet.png,192,192,16,16
"Tile(20, 16)",20,16,0,16,4,0,graphics/editor/FireTileSet.png,192,208,16,16
"Tile(20, 17)",20,17,0,16,4,0,graphics/editor/FireTileSet.png,192,224,16,16
"Tile(20, 18)",20,18,0,16,4,0,graphics/editor/FireTileSet.png,192,240,16,16
"Tile(20, 19)",20,19,0,16,4,0,graphics/editor/FireTileSet.png,192,256,16,16
"Tile(20, 20)",20,20,0,16,4,0,graphics/editor/FireTileSet.png,192,192,16,16
"Tile(20, 21)",20,21,0,16,4,0,graphics/editor/FireTileSet.png,192,208,16,16
"Tile(20, 22)",20,22,0,16,4,0,graphics/editor/FireTileSet.png,192,224,16,16
"Tile(20, 23)",20,23,0,16,4,0,graphics/editor/FireTileSet.png,192,240,16,16
"Tile(20, 24)",20,24,0,16,4,0,graphics/editor/FireTileSet.png,192,256,16,16
"Tile(20, 25)",20,25,0,16,4,0,graphics/editor/FireTileSet.png,192,192,16,16
"Tile(20, 26)",20,26,0,16,4,0,graphics/editor/FireTileSet.png,192,208,16,16
"Tile(20, 27)",20,27,0,16,4,0,graphics/editor/FireTileSet.png,192,224,16,16
"Tile(20, 28)",20,28,0,16,4,0,graphics/editor/FireTileSet.png,192,240,16,16
"Tile(20, 29)",20,29,0,16,4,0,graphics/editor/FireTileSet.png,192,256,16,16
"Tile(20, 30)",20,30,0,16,4,0,graphics/editor/FireTileSet.png,192,192,16,16
"Tile(20, 31)",20,31,0,16,4,0,graphics/editor/FireTileSet.png,192,208,16,16
"Tile(21, 0)",21,0,0,16,4,0,graphics/editor/FireTileSet.png,208,192,16,16
"Tile(21, 1)",21,1,0,16,4,0,graphics/editor/FireTileSet.png,208,208,16,16
"Tile(21, 2)",21,2,0,16,4,0,graphics/editor/FireTileSet.png,208,224,16,16
"Tile(21, 3)",21,3,0,16,4,0,graphics/editor/FireTileSet.png,208,240,16,16
"Tile(21, 4)",21,4,0,16,4,0,graphics/editor/FireTileSet.png,208,256,16,16
"Tile(21, 5)",21,5,0,16,4,0,graphics/editor/FireTileSet.png,208,192,16,16
"Tile(21, 6)",21,6,0,16,4,0,graphics/editor/FireTileSet.png,208,208,16,16
"Tile(21, 7)",21,7,0,16,4,0,graphics/editor/FireTileSet.png,208,224,16,16
"Tile(21, 8)",21,8,0,16,4,0,graphics/editor/FireTileSet.png,208,240,16,16
"Tile(21, 9)",21,9,0,16,4,0,graphics/editor/FireTileSet.png,208,256,16,16
"Tile(21, 10)",21,10,0,16,4,0,graphics/editor/FireTileSet.png,208,192,16,16
"Tile(21, 11)",21,11,0,16,4,0,graphics/editor/FireTileSet.png,208,208,16,16
"Tile(21, 12)",21,12,0,16,4,0,graphics/editor/FireTileSet.png,208,224,16,16
"Tile(21, 13)",21,13,0,16,4,0,graphics/editor/FireTileSet.png,208,240,16,16
"Tile(21, 14)",21,14,0,16,4,0,graphics/editor/FireTileSet.png,208,256,16,16
"Tile(21, 15)",21,15,0,16,4,0,graphics/editor/FireTileSet.png,208,192,16,16
"Tile(21, 16)",21,16,0,16,4,0,graphics/editor/FireTileSet.png,208,208,16,16
"Tile(21, 17)",21,17,0,16,4,0,graphics/editor/FireTileSet.png,208,224,16,16
"Tile(21, 18)",21,18,0,16,4,0,graphics/editor/FireTileSet.png,208,240,16,16
"Tile(21, 19)",21,19,0,16,4,0,graphics/editor/FireTileSet.png,208,256,16,16
"Tile(21, 20)",21,20,0,16,4,0,graphics/editor/FireTileSet.png,208,192,16,16
"Tile(21, 21)",21,21,0,16,4,0,graphics/editor/FireTileSet.png,208,208,16,16
"Tile(21, 22)",21,22,0,16,4,0,graphics/editor/FireTileSet.png,208,224,16,16
"Tile(21, 23)",21,23,0,16,4,0,graphics/editor/FireTileSet.png,208,240,16,16
"Tile(21, 24)",21,24,0,16,4,0,graphics/editor/FireTileSet.png,208,256,16,16
"Tile(21, 25)",21,25,0,16,4,0,graphics/editor/FireTileSet.png,208,192,16,16
"Tile(21, 26)",21,26,0,16,4,0,graphics/editor/FireTileSet.png,208,208,16,16
"Tile(21, 27)",21,27,0,16,4,0,graphics/editor/FireTileSet.png,208,224,16,16
"Tile(21, 28)",21,28,0,16,4,0,graphics/editor/FireTileSet.png,208,240,16,16
"Tile(21, 29)",21,29,0,16,4,0,graphics/editor/FireTileSet.png,208,256,16,16
"Tile(21, 30)",21,30,0,16,4,0,graphics/editor/FireTileSet.png,208,192,16,16
"Tile(21, 31)",21,31,0,16,4,0,graphics/editor/FireTileSet.png,208,208,16,16
"Tile(22, 0)",22,0,0,16,4,0,graphics/editor/FireTileSet.png,224,192,16,16
"Tile(22, 1)",22,1,0,16,4,0,graphics/editor/FireTileSet.png,224,208,16,16
"Tile(22, 2)",22,2,0,16,4,0,graphics/editor/FireTileSet.png,224,224,16,16
"Tile(22, 3)",22,3,0,16,4,0,graphics/editor/FireTileSet.png,224,240,16,16
"Tile(22, 4)",22,4,0,16,4,0,graphics/editor/FireTileSet.png,224,256,16,16
"Tile(22, 5)",22,5,0,16,4,0,graphics/editor/FireTileSet.png,224,192,16,16
"Tile(22, 6)",22,6,0,16,4,0,graphics/editor/FireTileSet.png,224,208,16,16
"Tile(22, 7)",22,7,0,16,4,0,graphics/editor/FireTileSet.png,224,224,16,16
"Tile(22, 8)",22,8,0,16,4,0,graphics/editor/FireTileSet.png,224,240,16,16
"Tile(22, 9)",22,9,0,16,4,0,graphics/editor/FireTileSet.png,224,256,16,16
"Tile(22, 10)",22,10,0,16,4,0,graphics/editor/FireTileSet.png,224,192,16,16
"Tile(22, 11)",22,11,0,16,4,0,graphics/editor/FireTileSet.png,224,208,16,16
"Tile(22, 12)",22,12,0,16,4,0,graphics/editor/FireTileSet.png,224,224,16,16
"Tile(22, 13)",22,13,0,16,4,0,graphics/editor/FireTileSet.png,224,240,16,16
"Tile(22, 14)",22,14,0,16,4,0,graphics/editor/FireTileSet.png,224,256,16,16
"Tile(22, 15)",22,15,0,16,4,0,graphics/editor/FireTileSet.png,224,192,16,16
"Tile(22, 16)",22,16,0,16,4,0,graphics/editor/FireTileSet.png,224,208,16,16
"Tile(22, 17)",22,17,0,16,4,0,graphics/editor/FireTileSet.png,224,224,16,16
"Tile(22, 18)",22,18,0,16,4,0,graphics/editor/FireTileSet.png,224,240,16,16
"Tile(22, 19)",22,19,0,16,4,0,graphics/editor/FireTileSet.png,224,256,16,16
"Tile(22, 20)",22,20,0,16,4,0,graphics/editor/FireTileSet.png,224,192,16,16
"Tile(22, 21)",22,21,0,16,4,0,graphics/editor/FireTileSet.png,224,208,16,16
"Tile(22, 22)",22,22,0,16,4,0,graphics/editor/FireTileSet.png,224,224,16,16
"Tile(22, 23)",22,23,0,16,4,0,graphics/editor/FireTileSet.png,224,240,16,16
"Tile(22, 24)",22,24,0,16,4,0,graphics/editor/FireTileSet.png,224,256,16,16
"Tile(22, 25)",22,25,0,16,4,0,graphics/editor/FireTileSet.png,224,192,16,16
"Tile(22, 26)",22,26,0,16,4,0,graphics/editor/FireTileSet.png,224,208,16,16
"Tile(22, 27)",22,27,0,16,4,0,graphics/editor/FireTileSet.png,224,224,16,16
"Tile(22, 28)",22,28,0,16,4,0,graphics/editor/FireTileSet.png,224,240,16,16
"Tile(22, 29)",22,29,0,16,4,0,graphics/editor/FireTileSet.png,224,256,16,16
"Tile(22, 30)",22,30,0,16,4,0,graphics/editor/FireTileSet.png,224,192,16,16
"Tile(22, 31)",22,31,0,16,4,0,graphics/editor/FireTileSet.png,224,208,16,16
"Tile(23, 0)",23,0,0,16,4,0,graphics/editor/FireTileSet.png,240,192,16,16
"Tile(23, 1)",23,1,0,16,4,0,graphics/editor/FireTileSet.png,240,208,16,16
"Tile(23, 2)",23,2,0,16,4,0,graphics/editor/FireTileSet.png,240,224,16,16
"Tile(23, 3)",23,3,0,16,4,0,graphics/editor/FireTileSet.png,240,240,16,16
"Tile(23, 4)",23,4,0,16,4,0,graphics/editor/FireTileSet.png,240,256,16,16
"Tile(23, 5)",23,5,0,16,4,0,graphics/editor/FireTileSet.png,240,192,16,16
"Tile(23, 6)",23,6,0,16,4,0,graphics/editor/FireTileSet.png,240,208,16,16
"Tile(23, 7)",23,7,0,16,4,0,graphics/editor/FireTileSet.png,240,224,16,16
"Tile(23, 8)",23,8,0,16,4,0,graphics/editor/FireTileSet.png,240,240,16,16
"Tile(23, 9)",23,9,0,16,4,0,graphics/editor/FireTileSet.png,240,256,16,16
"Tile(23, 10)",23,10,0,16,4,0,graphics/editor/FireTileSet.png,240,192,16,16
"Tile(23, 11)",23,11,0,16,4,0,graphics/editor/FireTileSet.png,240,208,16,16
"Tile(23, 12)",23,12,0,16,4,0,graphics/editor/FireTileSet.png,240,224,16,16
"Tile(23, 13)",23,13,0,16,4,0,graphics/editor/FireTileSet.png,240,240,16,16
"Tile(23, 14)",23,14,0,16,4,0,graphics/editor/FireTileSet.png,240,256,16,16
"Tile(23, 15)",23,15,0,16,4,0,graphics/editor/FireTileSet.png,240,192,16,16
"Tile(23, 16)",23,16,0,16,4,0,graphics/editor/FireTileSet.png,240,208,16,16
"Tile(23, 17)",23,17,0,16,4,0,graphics/editor/FireTileSet.png,240,224,16,16
"Tile(23, 18)",23,18,0,16,4,0,graphics/editor/FireTileSet.png,240,240,16,16
"Tile(23, 19)",23,19,0,16,4,0,graphics/editor/FireTileSet.png,240,256,16,16
"Tile(23, 20)",23,20,0,16,4,0,graphics/editor/FireTileSet.png,240,192,16,16
"Tile(23, 21)",23,21,0,16,4,0,graphics/editor/FireTileSet.png,240,208,16,16
"Tile(23, 22)",23,22,0,16,4,0,graphics/editor/FireTileSet.png,240,224,16,16
"Tile(23, 23)",23,23,0,16,4,0,graphics/editor/FireTileSet.png,240,240,16,16
"Tile(23, 24)",23,24,0,16,4,0,graphics/editor/FireTileSet.png,240,256,16,16
"Tile(23, 25)",23,25,0,16,4,0,graphics/editor/FireTileSet.png,240,192,16,16
"Tile(23, 26)",23,26,0,16,4,0,graphics/editor/FireTileSet.png,240,208,16,16
"Tile(23, 27)",23,27,0,16,4,0,graphics/editor/FireTileSet.png,240,224,16,16
"Tile(23, 28)",23,28,0,16,4,0,graphics/editor/FireTileSet.png,240,240,16,16
"Tile(23, 29)",23,29,0,16,4,0,graphics/editor/FireTileSet.png,240,256,16,16
"Tile(23, 30)",23,30,0,16,4,0,graphics/editor/FireTileSet.png,240,192,16,16
"Tile(23, 31)",23,31,0,16,4,0,graphics/editor/FireTileSet.png,240,208,16,16
"Tile(24, 0)",24,0,0,16,4,0,graphics/editor/FireTileSet.png,256,192,16,16
"Tile(24, 1)",24,1,0,16,4,0,graphics/editor/FireTileSet.png,256,208,16,16
"Tile(24, 2)",24,2,0,16,4,0,graphics/editor/FireTileSet.png,256,224,16,16
"Tile(24, 3)",24,3,0,16,4,0,graphics/editor/FireTileSet.png,256,240,16,16
"Tile(24, 4)",24,4,0,16,4,0,graphics/editor/FireTileSet.png,256,256,16,16
"Tile(24, 5)",24,5,0,16,4,0,graphics/editor/FireTileSet.png,256,192,16,16
"Tile(24, 6)",24,6,0,16,4,0,graphics/editor/FireTileSet.png,256,208,16,16
"Tile(24, 7)",24,7,0,16,4,0,graphics/editor/FireTileSet.png,256,224,16,16
"Tile(24, 8)",24,8,0,16,4,0,graphics/editor/FireTileSet.png,256,240,16,16
"Tile(24, 9)",24,9,0,16,4,0,graphics/editor/FireTileSet.png,256,256,16,16
"Tile(24, 10)",24,10,0,16,4,0,graphics/editor/FireTileSet.png,256,192,16,16
"Tile(24, 11)",24,11,0,16,4,0,graphics/editor/FireTileSet.png,256,208,16,16
"Tile(24, 12)",24,12,0,16,4,0,graphics/editor/FireTileSet.png,256,224,16,16
"Tile(24, 13)",24,13,0,16,4,0,graphics/editor/FireTileSet.png,256,240,16,16
"Tile(24, 14)",24,14,0,16,4,0,graphics/editor/FireTileSet.png,256,256,16,16
"Tile(24, 15)",24,15,0,16,4,0,graphics/editor/FireTileSet.png,256,192,16,16
"Tile(24, 16)",24,16,0,16,4,0,graphics/editor/FireTileSet.png,256,208,16,16
"Tile(24, 17)",24,17,0,16,4,0,graphics/editor/FireTileSet.png,256,224,16,16
"Tile(24, 18)",24,18,0,16,4,0,graphics/editor/FireTileSet.png,256,240,16,16
"Tile(24, 19)",24,19,0,16,4,0,graphics/editor/FireTileSet.png,256,256,16,16
"Tile(24, 20)",24,20,0,16,4,0,graphics/editor/FireTileSet.png,256,192,16,16
"Tile(24, 21)",24,21,0,16,4,0,graphics/editor/FireTileSet.png,256,208,16,16
"Tile(24, 22)",24,22,0,16,4,0,graphics/editor/FireTileSet.png,256,224,16,16
"Tile(24, 23)",24,23,0,16,4,0,graphics/editor/FireTileSet.png,256,240,16,16
"Tile(24, 24)",24,24,0,16,4,0,graphics/editor/FireTileSet.png,256,256,16,16
"Tile(24, 25)",24,25,0,16,4,0,graphics/editor/FireTileSet.png,256,192,16,16
"Tile(24, 26)",24,26,0,16,4,0,graphics/editor/FireTileSet.png,256,208,16,16
"Tile(24, 27)",24,27,0,16,4,0,graphics/editor/FireTileSet.png,256,224,16,16
"Tile(24, 28)",24,28,0,16,4,0,graphics/editor/FireTileSet.png,256,240,16,16
"Tile(24, 29)",24,29,0,16,4,0,graphics/editor/FireTileSet.png,256,256,16,16
"Tile(24, 30)",24,30,0,16,4,0,graphics/editor/FireTileSet.png,256,192,16,16
"Tile(24, 31)",24,31,0,16,4,0,graphics/editor/FireTileSet.png,256,208,16,16
"Tile(25, 0)",25,0,0,16,4,0,graphics/editor/FireTileSet.png,192,192,16,16
"Tile(25, 1)",25,1,0,16,4,0,graphics/editor/FireTileSet.png,192,208,16,16
"Tile(25, 2)",25,2,0,16,4,0,graphics/editor/FireTileSet.png,192,224,16,16
"Tile(25, 3)",25,3,0,16,4,0,graphics/editor/FireTileSet.png,192,240,16,16
"Tile(25, 4)",25,4,0,16,4,0,graphics/editor/FireTileSet.png,192,256,16,16
"Tile(25, 5)",25,5,0,16,4,0,graphics/editor/FireTileSet.png,192,192,16,16
"Tile(25, 6)",25,6,0,16,4,0,graphics/editor/FireTileSet.png,192,208,16,16
"Tile(25, 7)",25,7,0,16,4,0,graphics/editor/FireTileSet.png,192,224,16,16
"Tile(25, 8)",25,8,0,16,4,0,graphics/editor/FireTileSet.png,192,240,16,16
"Tile(25, 9)",25,9,0,16,4,0,graphics/editor/FireTileSet.png,192,256,16,16
"Tile(25, 10)",25,10,0,16,4,0,graphics/editor/FireTileSet.png,192,192,16,16
"Tile(25, 11)",25,11,0,16,4,0,graphics/editor/FireTileSet.png,192,208,16,16
"Tile(25, 12)",25,12,0,16,4,0,graphics/editor/FireTileSet.png,192,224,16,16
"Tile(25, 13)",25,13,0,16,4,0,graphics/editor/FireTileSet.png,192,240,16,16
"Tile(25, 14)",25,14,0,16,4,0,graphics/editor/FireTileSet.png,192,256,16,16
"Tile(25, 15)",25,15,0,16,4,0,graphics/editor/FireTileSet.png,192,192,16,16
"Tile(25, 16)",25,16,0,16,4,0,graphics/editor/FireTileSet.png,192,208,16,16
"Tile(25, 17)",25,17,0,16,4,0,graphics/editor/FireTileSet.png,192,224,16,16
"Tile(25, 18)",25,18,0,16,4,0,graphics/editor/FireTileSet.png,192,240,16,16
"Tile(25, 19)",25,19,0,16,4,0,graphics/editor/FireTileSet.png,192,256,16,16
"Tile(25, 20)",25,20,0,16,4,0,graphics/editor/FireTileSet.png,192,192,16,16
"Tile(25, 21)",25,21,0,16,4,0,graphics/editor/FireTileSet.png,192,208,16,16
"Tile(25, 22)",25,22,0,16,4,0,graphics/editor/FireTileSet.png,192,224,16,16
"Tile(25, 23)",25,23,0,16,4,0,graphics/editor/FireTileSet.png,192,240,16,16
"Tile(25, 24)",25,24,0,16,4,0,graphics/editor/FireTileSet.png,192,256,16,16
"Tile(25, 25)",25,25,0,16,4,0,graphics/editor/FireTileSet.png,192,192,16,16
"Tile(25, 26)",25,26,0,16,4,0,graphics/editor/FireTileSet.png,192,208,16,16
"Tile(25, 27)",25,27,0,16,4,0,graphics/editor/FireTileSet.png,192,224,16,16
"Tile(25, 28)",25,28,0,16,4,0,graphics/editor/FireTileSet.png,192,240,16,16
"Tile(25, 29)",25,29,0,16,4,0,graphics/editor/FireTileSet.png,192,256,16,16
"Tile(25, 30)",25,30,0,16,4,0,graphics/editor/FireTileSet.png,192,192,16,16
"Tile(25, 31)",25,31,0,16,4,0,graphics/editor/FireTileSet.png,192,208,16,16
"Tile(26, 0)",26,0,0,16,4,0,graphics/editor/FireTileSet.png,208,192,16,16
"Tile(26, 1)",26,1,0,16,4,0,graphics/editor/FireTileSet.png,208,208,16,16
"Tile(26, 2)",26,2,0,16,4,0,graphics/editor/FireTileSet.png,208,224,16,16
"Tile(26, 3)",26,3,0,16,4,0,graphics/editor/FireTileSet.png,208,240,16,16
"Tile(26, 4)",26,4,0,16,4,0,graphics/editor/FireTileSet.png,208,256,16,16
"Tile(26, 5)",26,5,0,16,4,0,graphics/editor/FireTileSet.png,208,192,16,16
"Tile(26, 6)",26,6,0,16,4,0,graphics/editor/FireTileSet.png,208,208,16,16
"Tile(26, 7)",26,7,0,16,4,0,graphics/editor/FireTileSet.png,208,224,16,16
"Tile(26, 8)",26,8,0,16,4,0,graphics/editor/FireTileSet.png,208,240,16,16
"Tile(26, 9)",26,9,0,16,4,0,graphics/editor/FireTileSet.png,208,256,16,16
"Tile(26, 10)",26,10,0,16,4,0,graphics/editor/FireTileSet.png,208,192,16,16
"Tile(26, 11)",26,11,0,16,4,0,graphics/editor/FireTileSet.png,208,208,16,16
"Tile(26, 12)",26,12,0,16,4,0,graphics/editor/FireTileSet.png,208,224,16,16
"Tile(26, 13)",26,13,0,16,4,0,graphics/editor/FireTileSet.png,208,240,16,16
"Tile(26, 14)",26,14,0,16,4,0,graphics/editor/FireTileSet.png,208,256,16,16
"Tile(26, 15)",26,15,0,16,4,0,graphics/editor/FireTileSet.png,208,192,16,16
"Tile(26, 16)",26,16,0,16,4,0,graphics/editor/FireTileSet.png,208,208,16,16
"Tile(26, 17)",26,17,0,16,4,0,graphics/editor/FireTileSet.png,208,224,16,16
"Tile(26, 18)",26,18,0,16,4,0,graphics/editor/FireTileSet.png,208,240,16,16
"Tile(26, 19)",26,19,0,16,4,0,graphics/editor/FireTileSet.png,208,256,16,16
"Tile(26, 20)",26,20,0,16,4,0,graphics/editor/FireTileSet.png,208,192,16,16
"Tile(26, 21)",26,21,0,16,4,0,graphics/editor/FireTileSet.png,208,208,16,16
"Tile(26, 22)",26,22,0,16,4,0,graphics/editor/FireTileSet.png,208,224,16,16
"Tile(26, 23)",26,23,0,16,4,0,graphics/editor/FireTileSet.png,208,240,16,16
"Tile(26, 24)",26,24,0,16,4,0,graphics/editor/FireTileSet.png,208,256,16,16
"Tile(26, 25)",26,25,0,16,4,0,graphics/editor/FireTileSet.png,208,192,16,16
"Tile(26, 26)",26,26,0,16,4,0,graphics/editor/FireTileSet.png,208,208,16,16
"Tile(26, 27)",26,27,0,16,4,0,graphics/editor/FireTileSet.png,208,224,16,16
"Tile(26, 28)",26,28,0,16,4,0,graphics/editor/FireTileSet.png,208,240,16,16
"Tile(26, 29)",26,29,0,16,4,0,graphics/editor/FireTileSet.png,208,256,16,16
"Tile(26, 30)",26,30,0,16,4,0,graphics/editor/FireTileSet.png,208,192,16,16
"Tile(26, 31)",26,31,0,16,4,0,graphics/editor/FireTileSet.png,208,208,16,16
"Tile(27, 0)",27,0,0,16,4,0,graphics/editor/FireTileSet.png,224,192,16,16
"Tile(27, 1)",27,1,0,16,4,0,graphics/editor/FireTileSet.png,224,208,16,16
"Tile(27, 2)",27,2,0,16,4,0,graphics/editor/FireTileSet.png,224,224,16,16
"Tile(27, 3)",27,3,0,16,4,0,graphics/editor/FireTileSet.png,224,240,16,16
"Tile(27, 4)",27,4,0,16,4,0,graphics/editor/FireTileSet.png,224,256,16,16
"Tile(27, 5)",27,5,0,16,4,0,graphics/editor/FireTileSet.png,224,192,16,16
"Tile(27, 6)",27,6,0,16,4,0,graphics/editor/FireTileSet.png,224,208,16,16
"Tile(27, 7)",27,7,0,16,4,0,graphics/editor/FireTileSet.png,224,224,16,16
"Tile(27, 8)",27,8,0,16,4,0,graphics/editor/FireTileSet.png,224,240,16,16
"Tile(27, 9)",27,9,0,16,4,0,graphics/editor/FireTileSet.png,224,256,16,16
"Tile(27, 10)",27,10,0,16,4,0,graphics/editor/FireTileSet.png,224,192,16,16
"Tile(27, 11)",27,11,0,16,4,0,graphics/editor/FireTileSet.png,224,208,16,16
"Tile(27, 12)",27,12,0,16,4,0,graphics/editor/FireTileSet.png,224,224,16,16
"Tile(27, 13)",27,13,0,16,4,0,graphics/editor/FireTileSet.png,224,240,16,16
"Tile(27, 14)",27,14,0,16,4,0,graphics/editor/FireTileSet.png,224,256,16,16
"Tile(27, 15)",27,15,0,16,4,0,graphics/editor/FireTileSet.png,224,192,16,16
"Tile(27, 16)",27,16,0,16,4,0,graphics/editor/FireTileSet.png,224,208,16,16
"Tile(27, 17)",27,17,0,16,4,0,graphics/editor/FireTileSet.png,224,224,16,16
"Tile(27, 18)",27,18,0,16,4,0,graphics/editor/FireTileSet.png,224,240,16,16
"Tile(27, 19)",27,19,0,16,4,0,graphics/editor/FireTileSet.png,224,256,16,16
"Tile(27, 20)",27,20,0,16,4,0,graphics/editor/FireTileSet.png,224,192,16,16
"Tile(27, 21)",27,21,0,16,4,0,graphics/editor/FireTileSet.png,224,208,16,16
"Tile(27, 22)",27,22,0,16,4,0,graphics/editor/FireTileSet.png,224,224,16,16
"Tile(27, 23)",27,23,0,16,4,0,graphics/editor/FireTileSet.png,224,240,16,16
"Tile(27, 24)",27,24,0,16,4,0,graphics/editor/FireTileSet.png,224,256,16,16
"Tile(27, 25)",27,25,0,16,4,0,graphics/editor/FireTileSet.png,224,192,16,16
"Tile(27, 26)",27,26,0,16,4,0,graphics/editor/FireTileSet.png,224,208,16,16
"Tile(27, 27)",27,27,0,16,4,0,graphics/editor/FireTileSet.png,224,224,16,16
"Tile(27, 28)",27,28,0,16,4,0,graphics/editor/FireTileSet.png,224,240,16,16
"Tile(27, 29)",27,29,0,16,4,0,graphics/editor/FireTileSet.png,224,256,16,16
"Tile(27, 30)",27,30,0,16,4,0,graphics/editor/FireTileSet.png,224,192,16,16
"Tile(27, 31)",27,31,0,16,4,0,graphics/editor/FireTileSet.png,224,208,16,16
"Tile(28, 0)",28,0,0,16,4,0,graphics/editor/FireTileSet.png,240,192,16,16
"Tile(28, 1)",28,1,0,16,4,0,graphics/editor/FireTileSet.png,240,208,16,16
"Tile(28, 2)",28,2,0,16,4,0,graphics/editor/FireTileSet.png,240,224,16,16
"Tile(28, 3)",28,3,0,16,4,0,graphics/editor/FireTileSet.png,240,240,16,16
"Tile(28, 4)",28,4,0,16,4,0,graphics/editor/FireTileSet.png,240,256,16,16
"Tile(28, 5)",28,5,0,16,4,0,graphics/editor/FireTileSet.png,240,192,16,16
"Tile(28, 6)",28,6,0,16,4,0,graphics/editor/FireTileSet.png,240,208,16,16
"Tile(28, 7)",28,7,0,16,4,0,graphics/editor/FireTileSet.png,240,224,16,16
"Tile(28, 8)",28,8,0,16,4,0,graphics/editor/FireTileSet.png,240,240,16,16
"Tile(28, 9)",28,9,0,16,4,0,graphics/editor/FireTileSet.png,240,256,16,16
"Tile(28, 10)",28,10,0,16,4,0,graphics/editor/FireTileSet.png,240,192,16,16
"Tile(28, 11)",28,11,0,16,4,0,graphics/editor/FireTileSet.png,240,208,16,16
"Tile(28, 12)",28,12,0,16,4,0,graphics/editor/FireTileSet.png,240,224,16,16
"Tile(28, 13)",28,13,0,16,4,0,graphics/editor/FireTileSet.png,240,240,16,16
"Tile(28, 14)",28,14,0,16,4,0,graphics/editor/FireTileSet.png,240,256,16,16
"Tile(28, 15)",28,15,0,16,4,0,graphics/editor/FireTileSet.png,240,192,16,16
"Tile(28, 16)",28,16,0,16,4,0,graphics/editor/FireTileSet.png,240,208,16,16
"Tile(28, 17)",28,17,0,16,4,0,graphics/editor/FireTileSet.png,240,224,16,16
"Tile(28, 18)",28,18,0,16,4,0,graphics/editor/FireTileSet.png,240,240,16,16
"Tile(28, 19)",28,19,0,16,4,0,graphics/editor/FireTileSet.png,240,256,16,16
"Tile(28, 20)",28,20,0,16,4,0,graphics/editor/FireTileSet.png,240,192,16,16
"Tile(28, 21)",28,21,0,16,4,0,graphics/editor/FireTileSet.png,240,208,16,16
"Tile(28, 22)",28,22,0,16,4,0,graphics/editor/FireTileSet.png,240,224,16,16
"Tile(28, 23)",28,23,0,16,4,0,graphics/editor/FireTileSet.png,240,240,16,16
"Tile(28, 24)",28,24,0,16,4,0,graphics/editor/FireTileSet.png,240,256,16,16
"Tile(28, 25)",28,25,0,16,4,0,graphics/editor/FireTileSet.png,240,192,16,16
"Tile(28, 26)",28,26,0,16,4,0,graphics/editor/FireTileSet.png,240,208,16,16
"Tile(28, 27)",28,27,0,16,4,0,graphics/editor/FireTileSet.png,240,224,16,16
"Tile(28, 28)",28,28,0,16,4,0,graphics/editor/FireTileSet.png,240,240,16,16
"Tile(28, 29)",28,29,0,16,4,0,graphics/editor/FireTileSet.png,240,256,16,16
"Tile(28, 30)",28,30,0,16,4,0,graphics/editor/FireTileSet.png,240,192,16,16
"Tile(28, 31)",28,31,0,16,4,0,graphics/editor/FireTileSet.png,240,208,16,16
"Tile(29, 0)",29,0,0,16,4,0,graphics/editor/FireTileSet.png,256,192,16,16
"Tile(29, 1)",29,1,0,16,4,0,graphics/editor/FireTileSet.png,256,208,16,16
"Tile(29, 2)",29,2,0,16,4,0,graphics/editor/FireTileSet.png,256,224,16,16
"Tile(29, 3)",29,3,0,16,4,0,graphics/editor/FireTileSet.png,256,240,16,16
"Tile(29, 4)",29,4,0,16,4,0,graphics/editor/FireTileSet.png,256,256,16,16
"Tile(29, 5)",29,5,0,16,4,0,graphics/editor/FireTileSet.png,256,192,16,16
"Tile(29, 6)",29,6,0,16,4,0,graphics/editor/FireTileSet.png,256,208,16,16
"Tile(29, 7)",29,7,0,16,4,0,graphics/editor/FireTileSet.png,256,224,16,16
"Tile(29, 8)",29,8,0,16,4,0,graphics/editor/FireTileSet.png,256,240,16,16
"Tile(29, 9)",29,9,0,16,4,0,graphics/editor/FireTileSet.png,256,256,16,16
"Tile(29, 10)",29,10,0,16,4,0,graphics/editor/FireTileSet.png,256,192,16,16
"Tile(29, 11)",29,11,0,16,4,0,graphics/editor/FireTileSet.png,256,208,16,16
"Tile(29, 12)",29,12,0,16,4,0,graphics/editor/FireTileSet.png,256,224,16,16
"Tile(29, 13)",29,13,0,16,4,0,graphics/editor/FireTileSet.png,256,240,16,16
"Tile(29, 14)",29,14,0,16,4,0,graphics/editor/FireTileSet.png,256,256,16,16
"Tile(29, 15)",29,15,0,16,4,0,graphics/editor/FireTileSet.png,256,192,16,16
"Tile(29, 16)",29,16,0,16,4,0,graphics/editor/FireTileSet.png,256,208,16,16
"Tile(29, 17)",29,17,0,16,4,0,graphics/editor/FireTileSet.png,256,224,16,16
"Tile(29, 18)",29,18,0,16,4,0,graphics/editor/FireTileSet.png,256,240,16,16
"Tile(29, 19)",29,19,0,16,4,0,graphics/editor/FireTileSet.png,256,256,16,16
"Tile(29, 20)",29,20,0,16,4,0,graphics/editor/FireTileSet.png,256,192,16,16
"Tile(29, 21)",29,21,0,16,4,0,graphics/editor/FireTileSet.png,256,208,16,16
"Tile(29, 22)",29,22,0,16,4,0,graphics/editor/FireTileSet.png,256,224,16,16
"Tile(29, 23)",29,23,0,16,4,0,graphics/editor/FireTileSet.png,256,240,16,16
"Tile(29, 24)",29,24,0,16,4,0,graphics/editor/FireTileSet.png,256,256,16,16
"Tile(29, 25)",29,25,0,16,4,0,graphics/editor/FireTileSet.png,256,192,16,16
"Tile(29, 26)",29,26,0,16,4,0,graphics/editor/FireTileSet.png,256,208,16,16
"Tile(29, 27)",29,27,0,16,4,0,graphics/editor/FireTileSet.png,256,224,16,16
"Tile(29, 28)",29,28,0,16,4,0,graphics/editor/FireTileSet.png,256,240,16,16
"Tile(29, 29)",29,29,0,16,4,0,graphics/editor/FireTileSet.png,256,256,16,16
"Tile(29, 30)",29,30,0,16,4,0,graphics/editor/FireTileSet.png,256,192,16,16
"Tile(29, 31)",29,31,0,16,4,0,graphics/editor/FireTileSet.png,256,208,16,16
"Tile(30, 0)",30,0,0,16,4,0,graphics/editor/FireTileSet.png,192,192,16,16
"Tile(30, 1)",30,1,0,16,4,0,graphics/editor/FireTileSet.png,192,208,16,16
"Tile(30, 2)",30,2,0,16,4,0,graphics/editor/FireTileSet.png,192,224,16,16
"Tile(30, 3)",30,3,0,16,4,0,graphics/editor/FireTileSet.png,192,240,16,16
"Tile(30, 4)",30,4,0,16,4,0,graphics/editor/FireTileSet.png,192,256,16,16
"Tile(30, 5)",30,5,0,16,4,0,graphics/editor/FireTileSet.png,192,192,16,16
"Tile(30, 6)",30,6,0,16,4,0,graphics/editor/FireTileSet.png,192,208,16,16
"Tile(30, 7)",30,7,0,16,4,0,graphics/editor/FireTileSet.png,192,224,16,16
"Tile(30, 8)",30,8,0,16,4,0,graphics/editor/FireTileSet.png,192,240,16,16
"Tile(30, 9)",30,9,0,16,4,0,graphics/editor/FireTileSet.png,192,256,16,16
"Tile(30, 10)",30,10,0,16,4,0,graphics/editor/FireTileSet.png,192,192,16,16
"Tile(30, 11)",30,11,0,16,4,0,graphics/editor/FireTileSet.png,192,208,16,16
"Tile(30, 12)",30,12,0,16,4,0,graphics/editor/FireTileSet.png,192,224,16,16
"Tile(30, 13)",30,13,0,16,4,0,graphics/editor/FireTileSet.png,192,240,16,16
"Tile(30, 14)",30,14,0,16,4,0,graphics/editor/FireTileSet.png,192,256,16,16
"Tile(30, 15)",30,15,0,16,4,0,graphics/editor/FireTileSet.png,192,192,16,16
"Tile(30, 16)",30,16,0,16,4,0,graphics/editor/FireTileSet.png,192,208,16,16
"Tile(30, 17)",30,17,0,16,4,0,graphics/editor/FireTileSet.png,192,224,16,16
"Tile(30, 18)",30,18,0,16,4,0,graphics/editor/FireTileSet.png,192,240,16,16
"Tile(30, 19)",30,19,0,16,4,0,graphics/editor/FireTileSet.png,192,256,16,16
"Tile(30, 20)",30,20,0,16,4,0,graphics/editor/FireTileSet.png,192,192,16,16
"Tile(30, 21)",30,21,0,16,4,0,graphics/editor/FireTileSet.png,192,208,16,16
"Tile(30, 22)",30,22,0,16,4,0,graphics/editor/FireTileSet.png,192,224,16,16
"Tile(30, 23)",30,23,0,16,4,0,graphics/editor/FireTileSet.png,192,240,16,16
"Tile(30, 24)",30,24,0,16,4,0,graphics/editor/FireTileSet.png,192,256,16,16
"Tile(30, 25)",30,25,0,16,4,0,graphics/editor/FireTileSet.png,192,192,16,16
"Tile(30, 26)",30,26,0,16,4,0,graphics/editor/FireTileSet.png,192,208,16,16
"Tile(30, 27)",30,27,0,16,4,0,graphics/editor/FireTileSet.png,192,224,16,16
"Tile(30, 28)",30,28,0,16,4,0,graphics/editor/FireTileSet.png,192,240,16,16
"Tile(30, 29)",30,29,0,16,4,0,graphics/editor/FireTileSet.png,192,256,16,16
"Tile(30, 30)",30,30,0,16,4,0,graphics/editor/FireTileSet.png,192,192,16,16
"Tile(30, 31)",30,31,0,16,4,0,graphics/editor/FireTileSet.png,192,208,16,16
"Tile(31, 0)",31,0,0,16,4,0,graphics/editor/FireTileSet.png,208,192,16,16
"Tile(31, 1)",31,1,0,16,4,0,graphics/editor/FireTileSet.png,208,208,16,16
"Tile(31, 2)",31,2,0,16,4,0,graphics/editor/FireTileSet.png,208,224,16,16
"Tile(31, 3)",31,3,0,16,4,0,graphics/editor/FireTileSet.png,208,240,16,16
"Tile(31, 4)",31,4,0,16,4,0,graphics/editor/FireTileSet.png,208,256,16,16
"Tile(31, 5)",31,5,0,16,4,0,graphics/editor/FireTileSet.png,208,192,16,16
"Tile(31, 6)",31,6,0,16,4,0,graphics/editor/FireTileSet.png,208,208,16,16
"Tile(31, 7)",31,7,0,16,4,0,graphics/editor/FireTileSet.png,208,224,16,16
"Tile(31, 8)",31,8,0,16,4,0,graphics/editor/FireTileSet.png,208,240,16,16
"Tile(31, 9)",31,9,0,16,4,0,graphics/editor/FireTileSet.png,208,256,16,16
"Tile(31, 10)",31,10,0,16,4,0,graphics/editor/FireTileSet.png,208,192,16,16
"Tile(31, 11)",31,11,0,16,4,0,graphics/editor/FireTileSet.png,208,208,16,16
"Tile(31, 12)",31,12,0,16,4,0,graphics/editor/FireTileSet.png,208,224,16,16
"Tile(31, 13)",31,13,0,16,4,0,graphics/editor/FireTileSet.png,208,240,16,16
"Tile(31, 14)",31,14,0,16,4,0,graphics/editor/FireTileSet.png,208,256,16,16
"Tile(31, 15)",31,15,0,16,4,0,graphics/editor/FireTileSet.png,208,192,16,16
"Tile(31, 16)",31,16,0,16,4,0,graphics/editor/FireTileSet.png,208,208,16,16
"Tile(31, 17)",31,17,0,16,4,0,graphics/editor/FireTileSet.png,208,224,16,16
"Tile(31, 18)",31,18,0,16,4,0,graphics/editor/FireTileSet.png,208,240,16,16
"Tile(31, 19)",31,19,0,16,4,0,graphics/editor/FireTileSet.png,208,256,16,16
"Tile(31, 20)",31,20,0,16,4,0,graphics/editor/FireTileSet.png,208,192,16,16
"Tile(31, 21)",31,21,0,16,4,0,graphics/editor/FireTileSet.png,208,208,16,16
"Tile(31, 22)",31,22,0,16,4,0,graphics/editor/FireTileSet.png,208,224,16,16
"Tile(31, 23)",31,23,0,16,4,0,graphics/editor/FireTileSet.png,208,240,16,16
"Tile(31, 24)",31,24,0,16,4,0,graphics/editor/FireTileSet.png,208,256,16,16
"Tile(31, 25)",31,25,0,16,4,0,graphics/editor/FireTileSet.png,208,192,16,16
"Tile(31, 26)",31,26,0,16,4,0,graphics/editor/FireTileSet.png,208,208,16,16
"Tile(31, 27)",31,27,0,16,4,0,graphics/editor/FireTileSet.png,208,224,16,16
"Tile(31, 28)",31,28,0,16,4,0,graphics/editor/FireTileSet.png,208,240,16,16
"Tile(31, 29)",31,29,0,16,4,0,graphics/editor/FireTileSet.png,208,256,16,16
"Tile(31, 30)",31,30,0,16,4,0,graphics/editor/FireTileSet.png,208,192,16,16
"Tile(31, 31)",31,31,0,16,4,0,graphics/editor/FireTileSet.png,208,208,16,16
